id,nome_completo,nome_urna,nome_social,numero,cargo,partido_sigla,partido_nome,coligacao,coligacao_composicao,situacao_eleitoral,situacao_candidatura,genero,grau_instrucao,cor_raca,uf,codigo_ue,unidade_eleitoral
250002534214,ADALBERTO GODOY FREITAS,ADALBERTO FREITAS,#NULO,15707,DEPUTADO ESTADUAL,MDB,MOVIMENTO DEMOCRÁTICO BRASILEIRO,PARTIDO ISOLADO,MDB,#NULO,#NE,MASCULINO,SUPERIOR COMPLETO,PRETA,SP,SP,SÃO PAULO
250002534221,AIRTON FERREIRA PORTO,AIRTON PORTO,#NULO,15800,DEPUTADO ESTADUAL,MDB,MOVIMENTO DEMOCRÁTICO BRASILEIRO,PARTIDO ISOLADO,MDB,#NULO,#NE,MASCULINO,ENSINO MÉDIO COMPLETO,BRANCA,SP,SP,SÃO PAULO
250002534215,ALEXANDRA RACHEL COHEN,ALEXANDRA COHEN,#NULO,15073,DEPUTADO ESTADUAL,MDB,MOVIMENTO DEMOCRÁTICO BRASILEIRO,PARTIDO ISOLADO,MDB,#NULO,#NE,FEMININO,ENSINO MÉDIO COMPLETO,BRANCA,SP,SP,SÃO PAULO
250002534199,ALLINY FERNANDA SARTORI PADALINO ROGERIO,ALLINY SARTORI,#NULO,15333,DEPUTADO ESTADUAL,MDB,MOVIMENTO DEMOCRÁTICO BRASILEIRO,PARTIDO ISOLADO,MDB,#NULO,#NE,FEMININO,SUPERIOR COMPLETO,BRANCA,SP,SP,SÃO PAULO
250002534225,ANDERSON HENRIQUE DA SILVA,ANDERSON HENRIQUE,#NULO,15152,DEPUTADO ESTADUAL,MDB,MOVIMENTO DEMOCRÁTICO BRASILEIRO,PARTIDO ISOLADO,MDB,#NULO,#NE,MASCULINO,SUPERIOR COMPLETO,PRETA,SP,SP,SÃO PAULO
250002534240,ANDRE LUIZ NASCIMENTO DA SILVA,ANDRE COKITO,#NULO,15011,DEPUTADO ESTADUAL,MDB,MOVIMENTO DEMOCRÁTICO BRASILEIRO,PARTIDO ISOLADO,MDB,#NULO,#NE,MASCULINO,ENSINO FUNDAMENTAL INCOMPLETO,PARDA,SP,SP,SÃO PAULO
250002534206,ELISABETE MAZUCHI WELSK BORGES DE CARVALHO,BETE WELSH,#NULO,15022,DEPUTADO ESTADUAL,MDB,MOVIMENTO DEMOCRÁTICO BRASILEIRO,PARTIDO ISOLADO,MDB,#NULO,#NE,FEMININO,SUPERIOR COMPLETO,BRANCA,SP,SP,SÃO PAULO
250002534231,CAIO FIORI DIAS,CAIO DO VOVÔ ANÉSIO,#NULO,15017,DEPUTADO ESTADUAL,MDB,MOVIMENTO DEMOCRÁTICO BRASILEIRO,PARTIDO ISOLADO,MDB,#NULO,#NE,MASCULINO,SUPERIOR COMPLETO,BRANCA,SP,SP,SÃO PAULO
250002534242,JORGE LUIS CARUSO,CARUSO,#NULO,15000,DEPUTADO ESTADUAL,MDB,MOVIMENTO DEMOCRÁTICO BRASILEIRO,PARTIDO ISOLADO,MDB,#NULO,#NE,MASCULINO,SUPERIOR COMPLETO,BRANCA,SP,SP,SÃO PAULO
250002533948,JOSÉ MARILTON DA CRUZ,CHAPINHA DA VELA,#NULO,15026,DEPUTADO ESTADUAL,MDB,MOVIMENTO DEMOCRÁTICO BRASILEIRO,PARTIDO ISOLADO,MDB,#NULO,#NE,MASCULINO,ENSINO FUNDAMENTAL COMPLETO,BRANCA,SP,SP,SÃO PAULO
250002534227,CHRISTIANE BATISTA RAMOS CAMPOS,CHRIS RAMOS,#NULO,15715,DEPUTADO ESTADUAL,MDB,MOVIMENTO DEMOCRÁTICO BRASILEIRO,PARTIDO ISOLADO,MDB,#NULO,#NE,FEMININO,SUPERIOR COMPLETO,BRANCA,SP,SP,SÃO PAULO
250002534198,DANIELLE SANTOS SILVA,DANI FRANÇA,#NULO,15455,DEPUTADO ESTADUAL,MDB,MOVIMENTO DEMOCRÁTICO BRASILEIRO,PARTIDO ISOLADO,MDB,#NULO,#NE,FEMININO,SUPERIOR INCOMPLETO,BRANCA,SP,SP,SÃO PAULO
250002534224,OLÍVIA DOS SANTOS FONSECA,DELEGADA OLÍVIA FONSECA,#NULO,15180,DEPUTADO ESTADUAL,MDB,MOVIMENTO DEMOCRÁTICO BRASILEIRO,PARTIDO ISOLADO,MDB,#NULO,#NE,FEMININO,SUPERIOR COMPLETO,BRANCA,SP,SP,SÃO PAULO
250002534238,ELISABETE FERREIRA SATO,DELEGADA SATO,#NULO,15515,DEPUTADO ESTADUAL,MDB,MOVIMENTO DEMOCRÁTICO BRASILEIRO,PARTIDO ISOLADO,MDB,#NULO,#NE,FEMININO,SUPERIOR COMPLETO,BRANCA,SP,SP,SÃO PAULO
250002534209,RAPHAEL FEITOSA FISSORE,DR RAPHAEL FISSORE,#NULO,15551,DEPUTADO ESTADUAL,MDB,MOVIMENTO DEMOCRÁTICO BRASILEIRO,PARTIDO ISOLADO,MDB,#NULO,#NE,MASCULINO,SUPERIOR COMPLETO,PARDA,SP,SP,SÃO PAULO
250002533947,CARLOS EDUARDO NOBREGA,DR. EDUARDO NOBREGA,#NULO,15150,DEPUTADO ESTADUAL,MDB,MOVIMENTO DEMOCRÁTICO BRASILEIRO,PARTIDO ISOLADO,MDB,#NULO,#NE,MASCULINO,SUPERIOR COMPLETO,BRANCA,SP,SP,SÃO PAULO
250002534239,MARCIA TAPIGLIANI BAPTISTA,DRA MARCIA TAPIGLIANI,#NULO,15159,DEPUTADO ESTADUAL,MDB,MOVIMENTO DEMOCRÁTICO BRASILEIRO,PARTIDO ISOLADO,MDB,#NULO,#NE,FEMININO,SUPERIOR COMPLETO,BRANCA,SP,SP,SÃO PAULO
250002534241,VERUSKA GHENDOV,DRA VERUSKA,#NULO,15177,DEPUTADO ESTADUAL,MDB,MOVIMENTO DEMOCRÁTICO BRASILEIRO,PARTIDO ISOLADO,MDB,#NULO,#NE,FEMININO,SUPERIOR COMPLETO,BRANCA,SP,SP,SÃO PAULO
250002534236,EDSON APARECIDO FERRAZ,EDSON FERRAZ,#NULO,15555,DEPUTADO ESTADUAL,MDB,MOVIMENTO DEMOCRÁTICO BRASILEIRO,PARTIDO ISOLADO,MDB,#NULO,#NE,MASCULINO,SUPERIOR COMPLETO,PARDA,SP,SP,SÃO PAULO
250002534202,PAULO EDUARDO ANDRADE ORTIZ,EDUARDO ORTIZ,#NULO,15111,DEPUTADO ESTADUAL,MDB,MOVIMENTO DEMOCRÁTICO BRASILEIRO,PARTIDO ISOLADO,MDB,#NULO,#NE,MASCULINO,SUPERIOR COMPLETO,BRANCA,SP,SP,SÃO PAULO
250002534265,LUIS EDUARDO SALEM,EDUARDO SALEM,#NULO,15077,DEPUTADO ESTADUAL,MDB,MOVIMENTO DEMOCRÁTICO BRASILEIRO,PARTIDO ISOLADO,MDB,#NULO,#NE,MASCULINO,SUPERIOR COMPLETO,BRANCA,SP,SP,SÃO PAULO
250002534245,EMERSON FRACAROLI,EMERSON D,#NULO,15047,DEPUTADO ESTADUAL,MDB,MOVIMENTO DEMOCRÁTICO BRASILEIRO,PARTIDO ISOLADO,MDB,#NULO,#NE,MASCULINO,SUPERIOR INCOMPLETO,BRANCA,SP,SP,SÃO PAULO
250002534248,ERICK LEVI ROCHA DOS SANTOS,ERICK LEVI,#NULO,15019,DEPUTADO ESTADUAL,MDB,MOVIMENTO DEMOCRÁTICO BRASILEIRO,PARTIDO ISOLADO,MDB,#NULO,#NE,MASCULINO,ENSINO MÉDIO COMPLETO,PARDA,SP,SP,SÃO PAULO
250002534244,FABIO LOPES BELLI,FABIO BELLI,#NULO,15477,DEPUTADO ESTADUAL,MDB,MOVIMENTO DEMOCRÁTICO BRASILEIRO,PARTIDO ISOLADO,MDB,#NULO,#NE,MASCULINO,ENSINO MÉDIO INCOMPLETO,BRANCA,SP,SP,SÃO PAULO
250002534203,FERNANDO DE MOURA GOMES,FERNANDO GOMES,#NULO,15122,DEPUTADO ESTADUAL,MDB,MOVIMENTO DEMOCRÁTICO BRASILEIRO,PARTIDO ISOLADO,MDB,#NULO,#NE,MASCULINO,SUPERIOR COMPLETO,BRANCA,SP,SP,SÃO PAULO
250002534249,FERNANDO ALVES DE LIMA,FERNANDO MONSTRINHO,#NULO,15183,DEPUTADO ESTADUAL,MDB,MOVIMENTO DEMOCRÁTICO BRASILEIRO,PARTIDO ISOLADO,MDB,#NULO,#NE,MASCULINO,ENSINO FUNDAMENTAL COMPLETO,PRETA,SP,SP,SÃO PAULO
250002534223,FLAVIUS COTAIT RUGGIERO,FLAVIUS,#NULO,15090,DEPUTADO ESTADUAL,MDB,MOVIMENTO DEMOCRÁTICO BRASILEIRO,PARTIDO ISOLADO,MDB,#NULO,#NE,MASCULINO,SUPERIOR COMPLETO,BRANCA,SP,SP,SÃO PAULO
250002534255,GEORGE VATUTIN HATO,GEORGE HATO,#NULO,15622,DEPUTADO ESTADUAL,MDB,MOVIMENTO DEMOCRÁTICO BRASILEIRO,PARTIDO ISOLADO,MDB,#NULO,#NE,MASCULINO,SUPERIOR COMPLETO,AMARELA,SP,SP,SÃO PAULO
250002534254,GERALDO NUNES REIS,GERALDO NUNES,#NULO,15400,DEPUTADO ESTADUAL,MDB,MOVIMENTO DEMOCRÁTICO BRASILEIRO,PARTIDO ISOLADO,MDB,#NULO,#NE,MASCULINO,ENSINO MÉDIO COMPLETO,PARDA,SP,SP,SÃO PAULO
250002534253,GUILHERME DE OLIVEIRA GOMES,GUILHERME MUMU,#NULO,15788,DEPUTADO ESTADUAL,MDB,MOVIMENTO DEMOCRÁTICO BRASILEIRO,PARTIDO ISOLADO,MDB,#NULO,#NE,MASCULINO,ENSINO MÉDIO COMPLETO,PRETA,SP,SP,SÃO PAULO
250002534232,ITAMAR FRANCISCO MACHADO BORGES,ITAMAR BORGES,#NULO,15300,DEPUTADO ESTADUAL,MDB,MOVIMENTO DEMOCRÁTICO BRASILEIRO,PARTIDO ISOLADO,MDB,#NULO,#NE,MASCULINO,SUPERIOR COMPLETO,BRANCA,SP,SP,SÃO PAULO
250002534195,IVA OLIVEIRA BATISTA,IVA BATISTA,#NULO,15156,DEPUTADO ESTADUAL,MDB,MOVIMENTO DEMOCRÁTICO BRASILEIRO,PARTIDO ISOLADO,MDB,#NULO,#NE,FEMININO,SUPERIOR COMPLETO,INDÍGENA,SP,SP,SÃO PAULO
250002533953,IZAIAS JOSÉ DE SANTANA,IZAIAS SANTANA,#NULO,15012,DEPUTADO ESTADUAL,MDB,MOVIMENTO DEMOCRÁTICO BRASILEIRO,PARTIDO ISOLADO,MDB,#NULO,#NE,MASCULINO,SUPERIOR COMPLETO,BRANCA,SP,SP,SÃO PAULO
250002534222,JAILTON RAPOSO,JAILTON RAPOSO,#NULO,15151,DEPUTADO ESTADUAL,MDB,MOVIMENTO DEMOCRÁTICO BRASILEIRO,PARTIDO ISOLADO,MDB,#NULO,#NE,MASCULINO,ENSINO MÉDIO COMPLETO,BRANCA,SP,SP,SÃO PAULO
250002534197,JARDEL DA COSTA SILVA,JARDEL BARROS,#NULO,15080,DEPUTADO ESTADUAL,MDB,MOVIMENTO DEMOCRÁTICO BRASILEIRO,PARTIDO ISOLADO,MDB,#NULO,#NE,MASCULINO,SUPERIOR COMPLETO,BRANCA,SP,SP,SÃO PAULO
250002533950,JOSELITO DE SOUSA LIMA,JOSELITO SOUSA,#NULO,15153,DEPUTADO ESTADUAL,MDB,MOVIMENTO DEMOCRÁTICO BRASILEIRO,PARTIDO ISOLADO,MDB,#NULO,#NE,MASCULINO,SUPERIOR COMPLETO,BRANCA,SP,SP,SÃO PAULO
250002534260,JOSUÉ DE ALMEIDA SILVA,JOSUÉ DO CANGAÍBA,#NULO,15213,DEPUTADO ESTADUAL,MDB,MOVIMENTO DEMOCRÁTICO BRASILEIRO,PARTIDO ISOLADO,MDB,#NULO,#NE,MASCULINO,ENSINO MÉDIO COMPLETO,PARDA,SP,SP,SÃO PAULO
250002534261,JUAREZ PEREIRA DA SILVA,JUAREZ PEREIRA,#NULO,15440,DEPUTADO ESTADUAL,MDB,MOVIMENTO DEMOCRÁTICO BRASILEIRO,PARTIDO ISOLADO,MDB,#NULO,#NE,MASCULINO,SUPERIOR COMPLETO,BRANCA,SP,SP,SÃO PAULO
250002534258,JULIO CESAR CASARES FILHO,JULINHO CASARES,#NULO,15050,DEPUTADO ESTADUAL,MDB,MOVIMENTO DEMOCRÁTICO BRASILEIRO,PARTIDO ISOLADO,MDB,#NULO,#NE,MASCULINO,SUPERIOR COMPLETO,BRANCA,SP,SP,SÃO PAULO
250002534219,JULIO CESAR MENDES,JULIO MENDES,#NULO,15321,DEPUTADO ESTADUAL,MDB,MOVIMENTO DEMOCRÁTICO BRASILEIRO,PARTIDO ISOLADO,MDB,#NULO,#NE,MASCULINO,SUPERIOR COMPLETO,BRANCA,SP,SP,SÃO PAULO
250002534259,KAUE CESAR SILVA,KAUÊ DA GENTE,#NULO,15010,DEPUTADO ESTADUAL,MDB,MOVIMENTO DEMOCRÁTICO BRASILEIRO,PARTIDO ISOLADO,MDB,#NULO,#NE,MASCULINO,SUPERIOR COMPLETO,PRETA,SP,SP,SÃO PAULO
250002534262,KONSTANTINO ANTONIO ATANASSOPULOS,KONSTANTINO ATAN,#NULO,15233,DEPUTADO ESTADUAL,MDB,MOVIMENTO DEMOCRÁTICO BRASILEIRO,PARTIDO ISOLADO,MDB,#NULO,#NE,MASCULINO,ENSINO MÉDIO COMPLETO,BRANCA,SP,SP,SÃO PAULO
250002534194,ISAIAS LEÃO  MACHADO FELIX,LEÃO,#NULO,15222,DEPUTADO ESTADUAL,MDB,MOVIMENTO DEMOCRÁTICO BRASILEIRO,PARTIDO ISOLADO,MDB,#NULO,#NE,MASCULINO,SUPERIOR COMPLETO,BRANCA,SP,SP,SÃO PAULO
250002534220,OCIMAR DONIZETI LEO OLIVEIRA,LÉO OLIVEIRA,#NULO,15123,DEPUTADO ESTADUAL,MDB,MOVIMENTO DEMOCRÁTICO BRASILEIRO,PARTIDO ISOLADO,MDB,#NULO,#NE,MASCULINO,SUPERIOR COMPLETO,BRANCA,SP,SP,SÃO PAULO
250002534246,MAIRA FULVIANA BANDEIRA,MAIRA BANDEIRA,#NULO,15331,DEPUTADO ESTADUAL,MDB,MOVIMENTO DEMOCRÁTICO BRASILEIRO,PARTIDO ISOLADO,MDB,#NULO,#NE,FEMININO,ENSINO MÉDIO COMPLETO,BRANCA,SP,SP,SÃO PAULO
250002534211,MARCELO TROVANI,MARCELO BUDOKAN,#NULO,15888,DEPUTADO ESTADUAL,MDB,MOVIMENTO DEMOCRÁTICO BRASILEIRO,PARTIDO ISOLADO,MDB,#NULO,#NE,MASCULINO,SUPERIOR COMPLETO,BRANCA,SP,SP,SÃO PAULO
250002534233,MARCELO APARECIDO ALVES DE SOUZA,MARCELO POLEGAR,#NULO,15084,DEPUTADO ESTADUAL,MDB,MOVIMENTO DEMOCRÁTICO BRASILEIRO,PARTIDO ISOLADO,MDB,#NULO,#NE,MASCULINO,SUPERIOR COMPLETO,BRANCA,SP,SP,SÃO PAULO
250002534267,MARCOS ANTONIO ZERBINI,MARCOS ZERBINI,#NULO,15780,DEPUTADO ESTADUAL,MDB,MOVIMENTO DEMOCRÁTICO BRASILEIRO,PARTIDO ISOLADO,MDB,#NULO,#NE,MASCULINO,SUPERIOR COMPLETO,BRANCA,SP,SP,SÃO PAULO
250002534218,MUSSA CALIL NETO,MUSSA CALIL,#NULO,15215,DEPUTADO ESTADUAL,MDB,MOVIMENTO DEMOCRÁTICO BRASILEIRO,PARTIDO ISOLADO,MDB,#NULO,#NE,MASCULINO,SUPERIOR COMPLETO,BRANCA,SP,SP,SÃO PAULO
250002534213,DERIVALDO NERI DOS SANTOS,NERI DA HABITAÇÃO,#NULO,15099,DEPUTADO ESTADUAL,MDB,MOVIMENTO DEMOCRÁTICO BRASILEIRO,PARTIDO ISOLADO,MDB,#NULO,#NE,MASCULINO,SUPERIOR COMPLETO,PARDA,SP,SP,SÃO PAULO
250002533951,JOSE NERIVAN DA SILVA,NERIVAN SILVA,#NULO,15745,DEPUTADO ESTADUAL,MDB,MOVIMENTO DEMOCRÁTICO BRASILEIRO,PARTIDO ISOLADO,MDB,#NULO,#NE,MASCULINO,ENSINO FUNDAMENTAL INCOMPLETO,PARDA,SP,SP,SÃO PAULO
250002533952,NEWTON GERMANO DE MORAES,NILTON MORAIS,#NULO,15772,DEPUTADO ESTADUAL,MDB,MOVIMENTO DEMOCRÁTICO BRASILEIRO,PARTIDO ISOLADO,MDB,#NULO,#NE,MASCULINO,SUPERIOR INCOMPLETO,PARDA,SP,SP,SÃO PAULO
250002534230,ORLANDO CEZAR PESOTI JUNIOR,ORLANDO PESOTI,#NULO,15615,DEPUTADO ESTADUAL,MDB,MOVIMENTO DEMOCRÁTICO BRASILEIRO,PARTIDO ISOLADO,MDB,#NULO,#NE,MASCULINO,SUPERIOR COMPLETO,BRANCA,SP,SP,SÃO PAULO
250002534196,EDIMAR RIBEIRO DA SILVA,PASTOR EDIMAR RIBEIRO,#NULO,15100,DEPUTADO ESTADUAL,MDB,MOVIMENTO DEMOCRÁTICO BRASILEIRO,PARTIDO ISOLADO,MDB,#NULO,#NE,MASCULINO,SUPERIOR COMPLETO,PARDA,SP,SP,SÃO PAULO
250002533949,ROGERIO PEREIRA MARQUES,PASTOR ROGERIO DA QUITANDA,#NULO,15444,DEPUTADO ESTADUAL,MDB,MOVIMENTO DEMOCRÁTICO BRASILEIRO,PARTIDO ISOLADO,MDB,#NULO,#NE,MASCULINO,ENSINO MÉDIO COMPLETO,PARDA,SP,SP,SÃO PAULO
250002534243,KELLER FARIAS ANDRE GOMES,PASTORA KELLER FARIAS,#NULO,15200,DEPUTADO ESTADUAL,MDB,MOVIMENTO DEMOCRÁTICO BRASILEIRO,PARTIDO ISOLADO,MDB,#NULO,#NE,FEMININO,ENSINO MÉDIO COMPLETO,PARDA,SP,SP,SÃO PAULO
250002534228,ELINEIA GOMES DE JESUS,PASTORA NEIA,#NULO,15316,DEPUTADO ESTADUAL,MDB,MOVIMENTO DEMOCRÁTICO BRASILEIRO,PARTIDO ISOLADO,MDB,#NULO,#NE,FEMININO,SUPERIOR INCOMPLETO,PARDA,SP,SP,SÃO PAULO
250002534205,PAULO ELIAS VICENTE,PAULO VICENTE,#NULO,15815,DEPUTADO ESTADUAL,MDB,MOVIMENTO DEMOCRÁTICO BRASILEIRO,PARTIDO ISOLADO,MDB,#NULO,#NE,MASCULINO,SUPERIOR COMPLETO,PARDA,SP,SP,SÃO PAULO
250002534207,ANDRE LUIS BUENO,PR ANDRE BUENO,#NULO,15777,DEPUTADO ESTADUAL,MDB,MOVIMENTO DEMOCRÁTICO BRASILEIRO,PARTIDO ISOLADO,MDB,#NULO,#NE,MASCULINO,SUPERIOR INCOMPLETO,BRANCA,SP,SP,SÃO PAULO
250002534204,ANDERSON PRADO DE LIMA,PRADO,#NULO,15500,DEPUTADO ESTADUAL,MDB,MOVIMENTO DEMOCRÁTICO BRASILEIRO,PARTIDO ISOLADO,MDB,#NULO,#NE,MASCULINO,SUPERIOR COMPLETO,BRANCA,SP,SP,SÃO PAULO
250002534263,WALDEMAR PEREIRA DE QUEIROZ,PRETUSCO,#NULO,15013,DEPUTADO ESTADUAL,MDB,MOVIMENTO DEMOCRÁTICO BRASILEIRO,PARTIDO ISOLADO,MDB,#NULO,#NE,MASCULINO,ENSINO MÉDIO COMPLETO,PRETA,SP,SP,SÃO PAULO
250002534247,CELSO MELO LEITE JESUS,PROF. CELSO JESUS,#NULO,15789,DEPUTADO ESTADUAL,MDB,MOVIMENTO DEMOCRÁTICO BRASILEIRO,PARTIDO ISOLADO,MDB,#NULO,#NE,MASCULINO,SUPERIOR COMPLETO,PRETA,SP,SP,SÃO PAULO
250002534250,ADRIANA VASCONCELLOS VIEIRA DE OLIVEIRA LUIZ,PROFA. ADRIANA VASCONCELLOS,#NULO,15556,DEPUTADO ESTADUAL,MDB,MOVIMENTO DEMOCRÁTICO BRASILEIRO,PARTIDO ISOLADO,MDB,#NULO,#NE,FEMININO,SUPERIOR COMPLETO,PRETA,SP,SP,SÃO PAULO
250002534200,ROSIANE ARIANE DOS SANTOS,PROFESSORA ROSIANE SANTOS,#NULO,15133,DEPUTADO ESTADUAL,MDB,MOVIMENTO DEMOCRÁTICO BRASILEIRO,PARTIDO ISOLADO,MDB,#NULO,#NE,FEMININO,SUPERIOR COMPLETO,BRANCA,SP,SP,SÃO PAULO
250002534251,REGINA CARNOVALE NUNES,REGINA NUNES,#NULO,15115,DEPUTADO ESTADUAL,MDB,MOVIMENTO DEMOCRÁTICO BRASILEIRO,PARTIDO ISOLADO,MDB,#NULO,#NE,FEMININO,SUPERIOR COMPLETO,BRANCA,SP,SP,SÃO PAULO
250002534269,REINALDO DE SOUZA ALGUZ,REINALDO ALGUZ,#NULO,15363,DEPUTADO ESTADUAL,MDB,MOVIMENTO DEMOCRÁTICO BRASILEIRO,PARTIDO ISOLADO,MDB,#NULO,#NE,MASCULINO,SUPERIOR COMPLETO,BRANCA,SP,SP,SÃO PAULO
250002534201,RICARDO DE BRITO FERREIRA,RICARDINHO,#NULO,15015,DEPUTADO ESTADUAL,MDB,MOVIMENTO DEMOCRÁTICO BRASILEIRO,PARTIDO ISOLADO,MDB,#NULO,#NE,MASCULINO,SUPERIOR COMPLETO,BRANCA,SP,SP,SÃO PAULO
250002534252,RITA DE CASSIA BORGES DOS SANTOS GUEDES,RITA GUEDES,#NULO,15360,DEPUTADO ESTADUAL,MDB,MOVIMENTO DEMOCRÁTICO BRASILEIRO,PARTIDO ISOLADO,MDB,#NULO,#NE,FEMININO,SUPERIOR INCOMPLETO,PARDA,SP,SP,SÃO PAULO
250002534257,JOSÉ ROBERTO FRANCO DE CAMARGO,ROBERTO CAMARGO,#NULO,15315,DEPUTADO ESTADUAL,MDB,MOVIMENTO DEMOCRÁTICO BRASILEIRO,PARTIDO ISOLADO,MDB,#NULO,#NE,MASCULINO,SUPERIOR COMPLETO,BRANCA,SP,SP,SÃO PAULO
250002534266,RODRIGO VIEIRA MARTINS,RODRIGO MARTINS,#NULO,15330,DEPUTADO ESTADUAL,MDB,MOVIMENTO DEMOCRÁTICO BRASILEIRO,PARTIDO ISOLADO,MDB,#NULO,#NE,MASCULINO,SUPERIOR COMPLETO,PRETA,SP,SP,SÃO PAULO
250002534208,SALMA APARECIDA MEROTO BEFFA,SALMA,#NULO,15525,DEPUTADO ESTADUAL,MDB,MOVIMENTO DEMOCRÁTICO BRASILEIRO,PARTIDO ISOLADO,MDB,#NULO,#NE,FEMININO,SUPERIOR COMPLETO,BRANCA,SP,SP,SÃO PAULO
250002534256,SANDRA CRISTINA LEITE SANTANA,SANDRA SANTANA,#NULO,15456,DEPUTADO ESTADUAL,MDB,MOVIMENTO DEMOCRÁTICO BRASILEIRO,PARTIDO ISOLADO,MDB,#NULO,#NE,FEMININO,SUPERIOR COMPLETO,BRANCA,SP,SP,SÃO PAULO
250002534216,SARA CRISTIANE PINTO TALARICO,SARA,#NULO,15915,DEPUTADO ESTADUAL,MDB,MOVIMENTO DEMOCRÁTICO BRASILEIRO,PARTIDO ISOLADO,MDB,#NULO,#NE,FEMININO,SUPERIOR COMPLETO,BRANCA,SP,SP,SÃO PAULO
250002534264,SERGIO DE PAULA REIS FILHO,SERGINHO DE PAULA,#NULO,15557,DEPUTADO ESTADUAL,MDB,MOVIMENTO DEMOCRÁTICO BRASILEIRO,PARTIDO ISOLADO,MDB,#NULO,#NE,MASCULINO,SUPERIOR COMPLETO,BRANCA,SP,SP,SÃO PAULO
250002534237,SORAIA IRENE MARTINS MANZANO,SORAIA MARTINS,#NULO,15327,DEPUTADO ESTADUAL,MDB,MOVIMENTO DEMOCRÁTICO BRASILEIRO,PARTIDO ISOLADO,MDB,#NULO,#NE,FEMININO,ENSINO MÉDIO COMPLETO,PARDA,SP,SP,SÃO PAULO
250002534234,TANIA MARA MARQUES SILVA,TANIA SINAL VERDE PCD,#NULO,15051,DEPUTADO ESTADUAL,MDB,MOVIMENTO DEMOCRÁTICO BRASILEIRO,PARTIDO ISOLADO,MDB,#NULO,#NE,FEMININO,SUPERIOR COMPLETO,BRANCA,SP,SP,SÃO PAULO
250002534235,MARIA THUANE DURAN LASSO,THUANE DURAN,MARIA THUANE DURAN LASSO,15057,DEPUTADO ESTADUAL,MDB,MOVIMENTO DEMOCRÁTICO BRASILEIRO,PARTIDO ISOLADO,MDB,#NULO,#NE,FEMININO,SUPERIOR INCOMPLETO,INDÍGENA,SP,SP,SÃO PAULO
250002534217,VICTOR HUGO DESIDERIO NOGUEIRA,VICTOR DO MARILIA AO CONTRÁRIO,#NULO,15415,DEPUTADO ESTADUAL,MDB,MOVIMENTO DEMOCRÁTICO BRASILEIRO,PARTIDO ISOLADO,MDB,#NULO,#NE,MASCULINO,SUPERIOR INCOMPLETO,BRANCA,SP,SP,SÃO PAULO
250002534268,RAFAEL VIRGINELLI,VIRGINELLI,#NULO,15678,DEPUTADO ESTADUAL,MDB,MOVIMENTO DEMOCRÁTICO BRASILEIRO,PARTIDO ISOLADO,MDB,#NULO,#NE,MASCULINO,SUPERIOR COMPLETO,BRANCA,SP,SP,SÃO PAULO
250002534229,VIVIANE ALVES PAINO,VIVIANE ALVES,#NULO,15182,DEPUTADO ESTADUAL,MDB,MOVIMENTO DEMOCRÁTICO BRASILEIRO,PARTIDO ISOLADO,MDB,#NULO,#NE,FEMININO,SUPERIOR COMPLETO,BRANCA,SP,SP,SÃO PAULO
250002534210,WALLACE ANANIAS DE FREITAS BRUNO,WALLACE BRUNO,#NULO,15007,DEPUTADO ESTADUAL,MDB,MOVIMENTO DEMOCRÁTICO BRASILEIRO,PARTIDO ISOLADO,MDB,#NULO,#NE,MASCULINO,SUPERIOR INCOMPLETO,BRANCA,SP,SP,SÃO PAULO
250002534212,JOSE EDUARDO VIANA DOS ANJOS,ZEZINHO CONSIDERADO,#NULO,15999,DEPUTADO ESTADUAL,MDB,MOVIMENTO DEMOCRÁTICO BRASILEIRO,PARTIDO ISOLADO,MDB,#NULO,#NE,MASCULINO,SUPERIOR COMPLETO,PARDA,SP,SP,SÃO PAULO
250002534226,ZORAIDA MARIA LOBATO VIOTTI,ZORAIDA LOBATO,#NULO,15060,DEPUTADO ESTADUAL,MDB,MOVIMENTO DEMOCRÁTICO BRASILEIRO,PARTIDO ISOLADO,MDB,#NULO,#NE,FEMININO,SUPERIOR COMPLETO,BRANCA,SP,SP,SÃO PAULO
250002530247,ALEXANDRA DE ABREU,ALEXANDRA DE ABREU,#NULO,30700,DEPUTADO ESTADUAL,NOVO,PARTIDO NOVO,PARTIDO ISOLADO,NOVO,#NULO,#NE,FEMININO,SUPERIOR COMPLETO,BRANCA,SP,SP,SÃO PAULO
250002530238,ALEXANDRE HOIO DE SOUZA,ALEXANDRE DE SOUZA,#NULO,30022,DEPUTADO ESTADUAL,NOVO,PARTIDO NOVO,PARTIDO ISOLADO,NOVO,#NULO,#NE,MASCULINO,SUPERIOR COMPLETO,BRANCA,SP,SP,SÃO PAULO
250002530222,ALEXANDRE TABAH,ALEXANDRE TABAH,#NULO,30020,DEPUTADO ESTADUAL,NOVO,PARTIDO NOVO,PARTIDO ISOLADO,NOVO,#NULO,#NE,MASCULINO,SUPERIOR INCOMPLETO,BRANCA,SP,SP,SÃO PAULO
250002530221,AMILTON AIRES DE ALENCAR,AMILTON ALENCAR,#NULO,30555,DEPUTADO ESTADUAL,NOVO,PARTIDO NOVO,PARTIDO ISOLADO,NOVO,#NULO,#NE,MASCULINO,SUPERIOR COMPLETO,BRANCA,SP,SP,SÃO PAULO
250002530230,ANDERSON DAMASCENO DIVINO,ANDERSON DAMASCENO,#NULO,30320,DEPUTADO ESTADUAL,NOVO,PARTIDO NOVO,PARTIDO ISOLADO,NOVO,#NULO,#NE,MASCULINO,SUPERIOR INCOMPLETO,BRANCA,SP,SP,SÃO PAULO
250002530191,ANDRESSA MAYANNY DA SILVA LIMA,ANDRESSA MAYANNY,#NULO,30144,DEPUTADO ESTADUAL,NOVO,PARTIDO NOVO,PARTIDO ISOLADO,NOVO,#NULO,#NE,FEMININO,SUPERIOR COMPLETO,PARDA,SP,SP,SÃO PAULO
250002530197,ANSELMO DUARTE DE SOUZA,ANSELMO DE SOUZA,#NULO,30800,DEPUTADO ESTADUAL,NOVO,PARTIDO NOVO,PARTIDO ISOLADO,NOVO,#NULO,#NE,MASCULINO,SUPERIOR COMPLETO,BRANCA,SP,SP,SÃO PAULO
250002530272,AUGUSTO DUARTE MOREIRA NETO,AUGUSTO DUARTE,#NULO,30633,DEPUTADO ESTADUAL,NOVO,PARTIDO NOVO,PARTIDO ISOLADO,NOVO,#NULO,#NE,MASCULINO,SUPERIOR COMPLETO,BRANCA,SP,SP,SÃO PAULO
250002530270,LUÍS ALBERTO VAZ,BETO VAZ,#NULO,30100,DEPUTADO ESTADUAL,NOVO,PARTIDO NOVO,PARTIDO ISOLADO,NOVO,#NULO,#NE,MASCULINO,SUPERIOR COMPLETO,PARDA,SP,SP,SÃO PAULO
250002530246,WAGNER DE BRITO TEIXEIRA,BRITO,#NULO,30033,DEPUTADO ESTADUAL,NOVO,PARTIDO NOVO,PARTIDO ISOLADO,NOVO,#NULO,#NE,MASCULINO,SUPERIOR COMPLETO,PARDA,SP,SP,SÃO PAULO
250002530232,BRUNO RIBEIRO GODINHO,BRUNO GODINHO,#NULO,30722,DEPUTADO ESTADUAL,NOVO,PARTIDO NOVO,PARTIDO ISOLADO,NOVO,#NULO,#NE,MASCULINO,SUPERIOR COMPLETO,BRANCA,SP,SP,SÃO PAULO
250002530226,CAIO HENRIQUE DOS SANTOS SILVA,CAIO FOLHA,#NULO,30321,DEPUTADO ESTADUAL,NOVO,PARTIDO NOVO,PARTIDO ISOLADO,NOVO,#NULO,#NE,MASCULINO,SUPERIOR INCOMPLETO,PARDA,SP,SP,SÃO PAULO
250002530227,CARLO CAUTI,CARLO CAUTI,#NULO,30007,DEPUTADO ESTADUAL,NOVO,PARTIDO NOVO,PARTIDO ISOLADO,NOVO,#NULO,#NE,MASCULINO,SUPERIOR COMPLETO,BRANCA,SP,SP,SÃO PAULO
250002530192,MÁRCIO FRANCISCO CAVUTO,CAVUTO,#NULO,30230,DEPUTADO ESTADUAL,NOVO,PARTIDO NOVO,PARTIDO ISOLADO,NOVO,#NULO,#NE,MASCULINO,SUPERIOR COMPLETO,BRANCA,SP,SP,SÃO PAULO
250002530235,CELINA MARTINS RAMALHO,CELINA RAMALHO,#NULO,30501,DEPUTADO ESTADUAL,NOVO,PARTIDO NOVO,PARTIDO ISOLADO,NOVO,#NULO,#NE,FEMININO,SUPERIOR COMPLETO,BRANCA,SP,SP,SÃO PAULO
250002530185,CÍCERA APARECIDA JACINTO VEDESCHI,CICINHA NEVES,#NULO,30025,DEPUTADO ESTADUAL,NOVO,PARTIDO NOVO,PARTIDO ISOLADO,NOVO,#NULO,#NE,FEMININO,SUPERIOR INCOMPLETO,BRANCA,SP,SP,SÃO PAULO
250002530243,WAGNER TADEU SILVA PRADO,CORONEL PRADO,#NULO,30001,DEPUTADO ESTADUAL,NOVO,PARTIDO NOVO,PARTIDO ISOLADO,NOVO,#NULO,#NE,MASCULINO,SUPERIOR COMPLETO,BRANCA,SP,SP,SÃO PAULO
250002530275,CÁSSIA MUSSULINI,CÁSSIA MUSSULINI,#NULO,30014,DEPUTADO ESTADUAL,NOVO,PARTIDO NOVO,PARTIDO ISOLADO,NOVO,#NULO,#NE,FEMININO,ENSINO MÉDIO COMPLETO,BRANCA,SP,SP,SÃO PAULO
250002530223,FRANCISCO CARLOS AGUIAR DEL POENTE,DELEGADO DEL POENTE,#NULO,30121,DEPUTADO ESTADUAL,NOVO,PARTIDO NOVO,PARTIDO ISOLADO,NOVO,#NULO,#NE,MASCULINO,SUPERIOR COMPLETO,BRANCA,SP,SP,SÃO PAULO
250002530251,HELIO KRAKAUER,DR HELIO KRAKAUER,#NULO,30018,DEPUTADO ESTADUAL,NOVO,PARTIDO NOVO,PARTIDO ISOLADO,NOVO,#NULO,#NE,MASCULINO,SUPERIOR COMPLETO,BRANCA,SP,SP,SÃO PAULO
250002530201,VANESSA CRISTINA CUSTODIO,DRA. VANESSA CUSTODIO,#NULO,30024,DEPUTADO ESTADUAL,NOVO,PARTIDO NOVO,PARTIDO ISOLADO,NOVO,#NULO,#NE,FEMININO,SUPERIOR COMPLETO,BRANCA,SP,SP,SÃO PAULO
250002530224,EDMILSON FONSECA FILHO,EDMILSON FONSECA FILHO,#NULO,30044,DEPUTADO ESTADUAL,NOVO,PARTIDO NOVO,PARTIDO ISOLADO,NOVO,#NULO,#NE,MASCULINO,SUPERIOR COMPLETO,BRANCA,SP,SP,SÃO PAULO
250002530190,ELIZIANA TAVEIRA DA SILVA,ELIZ TAVEIRA,#NULO,30400,DEPUTADO ESTADUAL,NOVO,PARTIDO NOVO,PARTIDO ISOLADO,NOVO,#NULO,#NE,FEMININO,SUPERIOR COMPLETO,PARDA,SP,SP,SÃO PAULO
250002530259,ELTON TONY SOUZA PONDÉ COELHO,ELTON PONDÉ,#NULO,30004,DEPUTADO ESTADUAL,NOVO,PARTIDO NOVO,PARTIDO ISOLADO,NOVO,#NULO,#NE,MASCULINO,SUPERIOR COMPLETO,BRANCA,SP,SP,SÃO PAULO
250002530252,EMERSON RODRIGUES ROSA,EMERSON ROSA,#NULO,30202,DEPUTADO ESTADUAL,NOVO,PARTIDO NOVO,PARTIDO ISOLADO,NOVO,#NULO,#NE,MASCULINO,SUPERIOR COMPLETO,PARDA,SP,SP,SÃO PAULO
250002530265,CATHARINA CECHINATTO DE DONATO,ENG. CATHARINA DONATO,#NULO,30777,DEPUTADO ESTADUAL,NOVO,PARTIDO NOVO,PARTIDO ISOLADO,NOVO,#NULO,#NE,FEMININO,SUPERIOR COMPLETO,BRANCA,SP,SP,SÃO PAULO
250002530189,MARIA EUNICE NEVES DO NASCIMENTO,EUNICE NEVES,#NULO,30701,DEPUTADO ESTADUAL,NOVO,PARTIDO NOVO,PARTIDO ISOLADO,NOVO,#NULO,#NE,FEMININO,ENSINO FUNDAMENTAL COMPLETO,BRANCA,SP,SP,SÃO PAULO
250002530212,FERNANDO BRUDER TEODORO,FERNANDO BRUDER DA ALPHA,#NULO,30150,DEPUTADO ESTADUAL,NOVO,PARTIDO NOVO,PARTIDO ISOLADO,NOVO,#NULO,#NE,MASCULINO,SUPERIOR INCOMPLETO,BRANCA,SP,SP,SÃO PAULO
250002530204,FILIPE ALVES BRIZOLLA,FILIPE BRIZOLLA AGORA É A HORA,#NULO,30318,DEPUTADO ESTADUAL,NOVO,PARTIDO NOVO,PARTIDO ISOLADO,NOVO,#NULO,#NE,MASCULINO,SUPERIOR COMPLETO,BRANCA,SP,SP,SÃO PAULO
250002530218,LUIZ FILIPE LEME DE SOUZA,FILIPÃO,#NULO,30015,DEPUTADO ESTADUAL,NOVO,PARTIDO NOVO,PARTIDO ISOLADO,NOVO,#NULO,#NE,MASCULINO,SUPERIOR COMPLETO,BRANCA,SP,SP,SÃO PAULO
250002530181,FRANCISCO ALVES DE SOUSA,FRANCISCO ALVES DE SOUSA,#NULO,30704,DEPUTADO ESTADUAL,NOVO,PARTIDO NOVO,PARTIDO ISOLADO,NOVO,#NULO,#NE,MASCULINO,ENSINO MÉDIO COMPLETO,PARDA,SP,SP,SÃO PAULO
250002530260,FREDERICO BRAUN DAVILA,FREDERICO D AVILA,#NULO,30333,DEPUTADO ESTADUAL,NOVO,PARTIDO NOVO,PARTIDO ISOLADO,NOVO,#NULO,#NE,MASCULINO,SUPERIOR COMPLETO,BRANCA,SP,SP,SÃO PAULO
250002530194,FRANCISCO GABRIEL GALEGO LIMA,GALEGO LIMA,#NULO,30544,DEPUTADO ESTADUAL,NOVO,PARTIDO NOVO,PARTIDO ISOLADO,NOVO,#NULO,#NE,MASCULINO,ENSINO MÉDIO COMPLETO,PARDA,SP,SP,SÃO PAULO
250002530250,ROGERIO DOMINGUES GAMEIRO,GAMEIRO,#NULO,30533,DEPUTADO ESTADUAL,NOVO,PARTIDO NOVO,PARTIDO ISOLADO,NOVO,#NULO,#NE,MASCULINO,SUPERIOR COMPLETO,BRANCA,SP,SP,SÃO PAULO
250002530268,GERSON DOS SANTOS PIRES,GERSON PIRES,#NULO,30111,DEPUTADO ESTADUAL,NOVO,PARTIDO NOVO,PARTIDO ISOLADO,NOVO,#NULO,#NE,MASCULINO,SUPERIOR COMPLETO,BRANCA,SP,SP,SÃO PAULO
250002530249,GISELE PRISCILA RAMOS DA SILVA,GI DA ENFERMAGEM,#NULO,30180,DEPUTADO ESTADUAL,NOVO,PARTIDO NOVO,PARTIDO ISOLADO,NOVO,#NULO,#NE,FEMININO,SUPERIOR INCOMPLETO,PRETA,SP,SP,SÃO PAULO
250002530198,GILBERTO APARECIDO DA SILVA,GILBERTO SILVA,#NULO,30010,DEPUTADO ESTADUAL,NOVO,PARTIDO NOVO,PARTIDO ISOLADO,NOVO,#NULO,#NE,MASCULINO,SUPERIOR COMPLETO,BRANCA,SP,SP,SÃO PAULO
250002530206,GIOVANNI NICOLETTI,GIOVANNI NICOLETTI,#NULO,30900,DEPUTADO ESTADUAL,NOVO,PARTIDO NOVO,PARTIDO ISOLADO,NOVO,#NULO,#NE,MASCULINO,SUPERIOR COMPLETO,BRANCA,SP,SP,SÃO PAULO
250002530214,GUSTAVO FONTANA ANDOLPHO,GUSTAVO ANDOLPHO,#NULO,30019,DEPUTADO ESTADUAL,NOVO,PARTIDO NOVO,PARTIDO ISOLADO,NOVO,#NULO,#NE,MASCULINO,SUPERIOR COMPLETO,BRANCA,SP,SP,SÃO PAULO
250002530271,ALCINDO AUGUSTO FERRARI,GUTO FERRARI,#NULO,30101,DEPUTADO ESTADUAL,NOVO,PARTIDO NOVO,PARTIDO ISOLADO,NOVO,#NULO,#NE,MASCULINO,SUPERIOR COMPLETO,BRANCA,SP,SP,SÃO PAULO
250002530186,CARLOS HENRIQUE BARBOSA DE OLIVEIRA,HENRIQUE DE OLIVEIRA,#NULO,30221,DEPUTADO ESTADUAL,NOVO,PARTIDO NOVO,PARTIDO ISOLADO,NOVO,#NULO,#NE,MASCULINO,SUPERIOR INCOMPLETO,PARDA,SP,SP,SÃO PAULO
250002530239,HENRIQUE KRIGNER LAINO,HENRIQUE KRIGNER LAINO,#NULO,30123,DEPUTADO ESTADUAL,NOVO,PARTIDO NOVO,PARTIDO ISOLADO,NOVO,#NULO,#NE,MASCULINO,SUPERIOR COMPLETO,BRANCA,SP,SP,SÃO PAULO
250002530219,HIGMAR DA SILVA LOPES,HIGMAR LOPES,#NULO,30222,DEPUTADO ESTADUAL,NOVO,PARTIDO NOVO,PARTIDO ISOLADO,NOVO,#NULO,#NE,MASCULINO,ENSINO MÉDIO COMPLETO,BRANCA,SP,SP,SÃO PAULO
250002530228,IGOR RICARDO HINOJOSA SANCHES,IGOR SANCHES,#NULO,30326,DEPUTADO ESTADUAL,NOVO,PARTIDO NOVO,PARTIDO ISOLADO,NOVO,#NULO,#NE,MASCULINO,SUPERIOR COMPLETO,BRANCA,SP,SP,SÃO PAULO
250002530209,MARCIO DA SILVA SANTOS,INSPETOR MÁRCIO SILVA,#NULO,30191,DEPUTADO ESTADUAL,NOVO,PARTIDO NOVO,PARTIDO ISOLADO,NOVO,#NULO,#NE,MASCULINO,SUPERIOR COMPLETO,BRANCA,SP,SP,SÃO PAULO
250002530188,IZAIAS CEZAR DE OLIVEIRA LIMA,IZAIAS OLIVEIRA,#NULO,30122,DEPUTADO ESTADUAL,NOVO,PARTIDO NOVO,PARTIDO ISOLADO,NOVO,#NULO,#NE,MASCULINO,ENSINO FUNDAMENTAL COMPLETO,BRANCA,SP,SP,SÃO PAULO
250002530240,JADIEL DE SOUSA MORAES,JADIEL MORAES,#NULO,30703,DEPUTADO ESTADUAL,NOVO,PARTIDO NOVO,PARTIDO ISOLADO,NOVO,#NULO,#NE,MASCULINO,ENSINO FUNDAMENTAL COMPLETO,BRANCA,SP,SP,SÃO PAULO
250002530184,JUSEMARA DE OLIVEIRA,JUCYMARA RANGEL,#NULO,30644,DEPUTADO ESTADUAL,NOVO,PARTIDO NOVO,PARTIDO ISOLADO,NOVO,#NULO,#NE,FEMININO,ENSINO MÉDIO COMPLETO,BRANCA,SP,SP,SÃO PAULO
250002530195,KATIA TORNELLI SALIM,KÁTIA TORNELLI,#NULO,30456,DEPUTADO ESTADUAL,NOVO,PARTIDO NOVO,PARTIDO ISOLADO,NOVO,#NULO,#NE,FEMININO,SUPERIOR INCOMPLETO,BRANCA,SP,SP,SÃO PAULO
250002530254,LAIS HELENA PINHEIRO LIMA E SILVA,LAIS LIMA,#NULO,30334,DEPUTADO ESTADUAL,NOVO,PARTIDO NOVO,PARTIDO ISOLADO,NOVO,#NULO,#NE,FEMININO,SUPERIOR COMPLETO,BRANCA,SP,SP,SÃO PAULO
250002530210,LARISSA REGINA OLIVEIRA SAAVEDRA,LARISSA SAAVEDRA,#NULO,30067,DEPUTADO ESTADUAL,NOVO,PARTIDO NOVO,PARTIDO ISOLADO,NOVO,#NULO,#NE,FEMININO,SUPERIOR INCOMPLETO,PARDA,SP,SP,SÃO PAULO
250002530229,LEOPOLDO PENTEADO BUTKIEWICZ,LEO BUTKIEWICZ,#NULO,30000,DEPUTADO ESTADUAL,NOVO,PARTIDO NOVO,PARTIDO ISOLADO,NOVO,#NULO,#NE,MASCULINO,SUPERIOR COMPLETO,BRANCA,SP,SP,SÃO PAULO
250002530255,LILIANE MATIAS DE ALMEIDA,LILIANE ALMEIDA,#NULO,30457,DEPUTADO ESTADUAL,NOVO,PARTIDO NOVO,PARTIDO ISOLADO,NOVO,#NULO,#NE,FEMININO,SUPERIOR COMPLETO,BRANCA,SP,SP,SÃO PAULO
250002530261,LINCOLN VIEIRA BAILHÃO,LINCOLN BAILHÃO,#NULO,30133,DEPUTADO ESTADUAL,NOVO,PARTIDO NOVO,PARTIDO ISOLADO,NOVO,#NULO,#NE,MASCULINO,SUPERIOR INCOMPLETO,PARDA,SP,SP,SÃO PAULO
250002530183,LUIZ CARLOS DIAS,LUIZ DOS CONDOMINIOS,#NULO,30088,DEPUTADO ESTADUAL,NOVO,PARTIDO NOVO,PARTIDO ISOLADO,NOVO,#NULO,#NE,MASCULINO,ENSINO MÉDIO COMPLETO,BRANCA,SP,SP,SÃO PAULO
250002530257,LEDA PIRES CORREA,LÊDA PIRES,#NULO,30442,DEPUTADO ESTADUAL,NOVO,PARTIDO NOVO,PARTIDO ISOLADO,NOVO,#NULO,#NE,FEMININO,SUPERIOR COMPLETO,BRANCA,SP,SP,SÃO PAULO
250002530248,MARCELA GOMES FERREIRA,MARCELA GOMES FERREIRA,#NULO,30330,DEPUTADO ESTADUAL,NOVO,PARTIDO NOVO,PARTIDO ISOLADO,NOVO,#NULO,#NE,FEMININO,SUPERIOR COMPLETO,PARDA,SP,SP,SÃO PAULO
250002530258,MARCELO FARO,MARCELO FARO,#NULO,30066,DEPUTADO ESTADUAL,NOVO,PARTIDO NOVO,PARTIDO ISOLADO,NOVO,#NULO,#NE,MASCULINO,SUPERIOR COMPLETO,BRANCA,SP,SP,SÃO PAULO
250002530256,MARCIA HELENA CAPRARO,MARCIA CAPRARO,#NULO,30702,DEPUTADO ESTADUAL,NOVO,PARTIDO NOVO,PARTIDO ISOLADO,NOVO,#NULO,#NE,FEMININO,ENSINO MÉDIO COMPLETO,BRANCA,SP,SP,SÃO PAULO
250002530200,MARCOS ANTONIO DE ALCÂNTARA PIRES,MARCOS ALCÂNTARA,#NULO,30556,DEPUTADO ESTADUAL,NOVO,PARTIDO NOVO,PARTIDO ISOLADO,NOVO,#NULO,#NE,MASCULINO,SUPERIOR COMPLETO,PARDA,SP,SP,SÃO PAULO
250002530216,MARCOS ANTONIO HOMSI GARCIA,MARCOS HOMSI,#NULO,30011,DEPUTADO ESTADUAL,NOVO,PARTIDO NOVO,PARTIDO ISOLADO,NOVO,#NULO,#NE,MASCULINO,SUPERIOR COMPLETO,BRANCA,SP,SP,SÃO PAULO
250002530182,MARIA DE JESUS RODRIGUES SORIANO,MARI SORIANO,#NULO,30070,DEPUTADO ESTADUAL,NOVO,PARTIDO NOVO,PARTIDO ISOLADO,NOVO,#NULO,#NE,FEMININO,SUPERIOR COMPLETO,PARDA,SP,SP,SÃO PAULO
250002530220,MIQUÉIAS SOARES DE ANDRADE,MIQUÉIAS SOARES,#NULO,30077,DEPUTADO ESTADUAL,NOVO,PARTIDO NOVO,PARTIDO ISOLADO,NOVO,#NULO,#NE,MASCULINO,SUPERIOR INCOMPLETO,PARDA,SP,SP,SÃO PAULO
250002530274,MONICA RAMIRES FERRAZ CURY,MÔNICA CURY,#NULO,30030,DEPUTADO ESTADUAL,NOVO,PARTIDO NOVO,PARTIDO ISOLADO,NOVO,#NULO,#NE,FEMININO,SUPERIOR COMPLETO,BRANCA,SP,SP,SÃO PAULO
250002530231,ADINALDO DE ALMEIDA RIOS,NANDO RIOS SURDO,#NULO,30666,DEPUTADO ESTADUAL,NOVO,PARTIDO NOVO,PARTIDO ISOLADO,NOVO,#NULO,#NE,MASCULINO,SUPERIOR INCOMPLETO,BRANCA,SP,SP,SÃO PAULO
250002530196,DIRCEU PUCHARELLI,PASTOR DIRCEU,#NULO,30678,DEPUTADO ESTADUAL,NOVO,PARTIDO NOVO,PARTIDO ISOLADO,NOVO,#NULO,#NE,MASCULINO,SUPERIOR COMPLETO,BRANCA,SP,SP,SÃO PAULO
250002530208,PATRÍCIA MODESTO,PATRÍCIA MODESTO,#NULO,30023,DEPUTADO ESTADUAL,NOVO,PARTIDO NOVO,PARTIDO ISOLADO,NOVO,#NULO,#NE,FEMININO,ENSINO MÉDIO COMPLETO,BRANCA,SP,SP,SÃO PAULO
250002530225,PEDRO HENRIQUE DE SOUZA LIMA,PEDRO LIMA,#NULO,30153,DEPUTADO ESTADUAL,NOVO,PARTIDO NOVO,PARTIDO ISOLADO,NOVO,#NULO,#NE,MASCULINO,SUPERIOR COMPLETO,BRANCA,SP,SP,SÃO PAULO
250002530267,PEDRO SUPLICY DE BARROS BARRETO,PEDRO SUPLICY,#NULO,30013,DEPUTADO ESTADUAL,NOVO,PARTIDO NOVO,PARTIDO ISOLADO,NOVO,#NULO,#NE,MASCULINO,SUPERIOR COMPLETO,BRANCA,SP,SP,SÃO PAULO
250002530262,HAROLDO LUIZ NOGUEIRA DA SILVA,PROF. HAROLDO NOGUEIRA,#NULO,30430,DEPUTADO ESTADUAL,NOVO,PARTIDO NOVO,PARTIDO ISOLADO,NOVO,#NULO,#NE,MASCULINO,SUPERIOR COMPLETO,BRANCA,SP,SP,SÃO PAULO
250002530205,JOÃO FRANCISCO TAMAYO,PROFESSOR TAMAYO,#NULO,30771,DEPUTADO ESTADUAL,NOVO,PARTIDO NOVO,PARTIDO ISOLADO,NOVO,#NULO,#NE,MASCULINO,SUPERIOR COMPLETO,BRANCA,SP,SP,SÃO PAULO
250002530273,ELISA DE OLIVEIRA COELHO MANOEL,PROFESSORA ELISA,#NULO,30012,DEPUTADO ESTADUAL,NOVO,PARTIDO NOVO,PARTIDO ISOLADO,NOVO,#NULO,#NE,FEMININO,SUPERIOR COMPLETO,BRANCA,SP,SP,SÃO PAULO
250002530236,RAFAEL GEDEON IZAR,RAFAEL IZAR,#NULO,30337,DEPUTADO ESTADUAL,NOVO,PARTIDO NOVO,PARTIDO ISOLADO,NOVO,#NULO,#NE,MASCULINO,SUPERIOR INCOMPLETO,BRANCA,SP,SP,SÃO PAULO
250002530211,RENATA DE BARROS CAMARGO BARBONE CALDEIRA DE CASTEL-BRANCO,RENATA CASTEL-BRANCO,#NULO,30002,DEPUTADO ESTADUAL,NOVO,PARTIDO NOVO,PARTIDO ISOLADO,NOVO,#NULO,#NE,FEMININO,SUPERIOR COMPLETO,BRANCA,SP,SP,SÃO PAULO
250002530202,RENATO VIEIRA DOS SANTOS,RENATO VIEIRA 30,#NULO,30026,DEPUTADO ESTADUAL,NOVO,PARTIDO NOVO,PARTIDO ISOLADO,NOVO,#NULO,#NE,MASCULINO,SUPERIOR COMPLETO,BRANCA,SP,SP,SÃO PAULO
250002530263,RICARDO RAMOS,RICARDO F. RAMOS,#NULO,30027,DEPUTADO ESTADUAL,NOVO,PARTIDO NOVO,PARTIDO ISOLADO,NOVO,#NULO,#NE,MASCULINO,SUPERIOR INCOMPLETO,BRANCA,SP,SP,SÃO PAULO
250002530234,RICARDO ROGERIO MEIRELLES,RICARDO MEIRELLES,#NULO,30500,DEPUTADO ESTADUAL,NOVO,PARTIDO NOVO,PARTIDO ISOLADO,NOVO,#NULO,#NE,MASCULINO,SUPERIOR COMPLETO,BRANCA,SP,SP,SÃO PAULO
250002530199,ROBERTO LUIZ DO NASCIMENTO,ROBERTO NASCIMENTO,#NULO,30505,DEPUTADO ESTADUAL,NOVO,PARTIDO NOVO,PARTIDO ISOLADO,NOVO,#NULO,#NE,MASCULINO,SUPERIOR COMPLETO,BRANCA,SP,SP,SÃO PAULO
250002530193,ANDRÉ ELIAS RODINI LUIZ,RODINI,#NULO,30888,DEPUTADO ESTADUAL,NOVO,PARTIDO NOVO,PARTIDO ISOLADO,NOVO,#NULO,#NE,MASCULINO,SUPERIOR COMPLETO,BRANCA,SP,SP,SÃO PAULO
250002530203,RONALDO SANTOS ESTIMA JÚNIOR,RONALDO ESTIMA,#NULO,30212,DEPUTADO ESTADUAL,NOVO,PARTIDO NOVO,PARTIDO ISOLADO,NOVO,#NULO,#NE,MASCULINO,ENSINO MÉDIO COMPLETO,PRETA,SP,SP,SÃO PAULO
250002530264,RONALDO GALDINO DOS SANTOS,RONALDO GALDINO,#NULO,30445,DEPUTADO ESTADUAL,NOVO,PARTIDO NOVO,PARTIDO ISOLADO,NOVO,#NULO,#NE,MASCULINO,SUPERIOR COMPLETO,PARDA,SP,SP,SÃO PAULO
250002530244,LUCIANO SERGIO PARRA E SILVA,SARGENTO PARRA,#NULO,30380,DEPUTADO ESTADUAL,NOVO,PARTIDO NOVO,PARTIDO ISOLADO,NOVO,#NULO,#NE,MASCULINO,SUPERIOR COMPLETO,BRANCA,SP,SP,SÃO PAULO
250002530217,SAULO DE TARSO DA COSTA SILVA FREITAS,SAULO DE FREITAS,#NULO,30600,DEPUTADO ESTADUAL,NOVO,PARTIDO NOVO,PARTIDO ISOLADO,NOVO,#NULO,#NE,MASCULINO,SUPERIOR COMPLETO,BRANCA,SP,SP,SÃO PAULO
250002530241,SILVIA REGINA DE LUCA BESERRA,SILVIA DE LUCA,#NULO,30200,DEPUTADO ESTADUAL,NOVO,PARTIDO NOVO,PARTIDO ISOLADO,NOVO,#NULO,#NE,FEMININO,SUPERIOR INCOMPLETO,PARDA,SP,SP,SÃO PAULO
250002530253,SOLANGE CORDEIRO VILLAS BÔAS,SOL VILLAS BOAS,#NULO,30017,DEPUTADO ESTADUAL,NOVO,PARTIDO NOVO,PARTIDO ISOLADO,NOVO,#NULO,#NE,FEMININO,SUPERIOR COMPLETO,BRANCA,SP,SP,SÃO PAULO
250002530233,TATIANA CRISTINA MELCHIORI MAFRA CARUSO,TATI BRONZE,#NULO,30003,DEPUTADO ESTADUAL,NOVO,PARTIDO NOVO,PARTIDO ISOLADO,NOVO,#NULO,#NE,FEMININO,SUPERIOR INCOMPLETO,BRANCA,SP,SP,SÃO PAULO
250002530187,TATIANA SIMAIA BARBOSA MALHEIROS,TATI MALHEIROS,#NULO,30130,DEPUTADO ESTADUAL,NOVO,PARTIDO NOVO,PARTIDO ISOLADO,NOVO,#NULO,#NE,FEMININO,SUPERIOR COMPLETO,PARDA,SP,SP,SÃO PAULO
250002530245,THAIS ELENA BATTAGLIN PEREIRA DE CAMPOS,THAIS CAMPOS,#NULO,30707,DEPUTADO ESTADUAL,NOVO,PARTIDO NOVO,PARTIDO ISOLADO,NOVO,#NULO,#NE,FEMININO,SUPERIOR COMPLETO,BRANCA,SP,SP,SÃO PAULO
250002530237,THEREZA CHRISTINA FARIA LIMA,THEREZA FARIA LIMA,#NULO,30444,DEPUTADO ESTADUAL,NOVO,PARTIDO NOVO,PARTIDO ISOLADO,NOVO,#NULO,#NE,FEMININO,SUPERIOR COMPLETO,BRANCA,SP,SP,SÃO PAULO
250002530207,SILVANA NUNES DI FELICE CUNHA,TININHA,#NULO,30102,DEPUTADO ESTADUAL,NOVO,PARTIDO NOVO,PARTIDO ISOLADO,NOVO,#NULO,#NE,FEMININO,SUPERIOR COMPLETO,BRANCA,SP,SP,SÃO PAULO
250002530215,ERIVELTON MARCOS PROÊNCIO,TON PROÊNCIO,#NULO,30300,DEPUTADO ESTADUAL,NOVO,PARTIDO NOVO,PARTIDO ISOLADO,NOVO,#NULO,#NE,MASCULINO,SUPERIOR COMPLETO,PARDA,SP,SP,SÃO PAULO
250002530242,VALDIVIA DOS SANTOS PASSONI,VALDIVIA PASSONI,#NULO,30369,DEPUTADO ESTADUAL,NOVO,PARTIDO NOVO,PARTIDO ISOLADO,NOVO,#NULO,#NE,FEMININO,SUPERIOR COMPLETO,PARDA,SP,SP,SÃO PAULO
250002530266,VANESSA FERREIRA SANT ANNA,VANESSA MÃE LEOA,#NULO,30038,DEPUTADO ESTADUAL,NOVO,PARTIDO NOVO,PARTIDO ISOLADO,NOVO,#NULO,#NE,FEMININO,SUPERIOR COMPLETO,BRANCA,SP,SP,SÃO PAULO
250002530269,AURÉLIO ALVES HILA GIMENES,VETERANO GIMENES,#NULO,30190,DEPUTADO ESTADUAL,NOVO,PARTIDO NOVO,PARTIDO ISOLADO,NOVO,#NULO,#NE,MASCULINO,SUPERIOR COMPLETO,BRANCA,SP,SP,SÃO PAULO
250002530213,WARLEI DE FARIA,WARLEI FININHO,#NULO,30789,DEPUTADO ESTADUAL,NOVO,PARTIDO NOVO,PARTIDO ISOLADO,NOVO,#NULO,#NE,MASCULINO,SUPERIOR COMPLETO,BRANCA,SP,SP,SÃO PAULO
250002533763,ALBERTO DE HOLLANDA HADDAD,ALBERTINHO MALUF,#NULO,11011,DEPUTADO ESTADUAL,PP,PROGRESSISTAS,FEDERAÇÃO,FEDERAÇÃO UNIÃO PROGRESSISTA(44-UNIÃO/11-PP),#NULO,#NE,MASCULINO,SUPERIOR COMPLETO,BRANCA,SP,SP,SÃO PAULO
250002533737,ANDRE LUIS MOIMAS GROSSO,ANDRE FERMINO,#NULO,11444,DEPUTADO ESTADUAL,PP,PROGRESSISTAS,FEDERAÇÃO,FEDERAÇÃO UNIÃO PROGRESSISTA(44-UNIÃO/11-PP),#NULO,#NE,MASCULINO,SUPERIOR INCOMPLETO,BRANCA,SP,SP,SÃO PAULO
250002533789,MÜLLER PASCHOAL DE OLIVEIRA FERREIRA,CABO MULLER,#NULO,11010,DEPUTADO ESTADUAL,PP,PROGRESSISTAS,FEDERAÇÃO,FEDERAÇÃO UNIÃO PROGRESSISTA(44-UNIÃO/11-PP),#NULO,#NE,MASCULINO,SUPERIOR INCOMPLETO,BRANCA,SP,SP,SÃO PAULO
250002533774,ALISSON DE JESUS SANTOS,CANTOR ALISSON SANTOS,#NULO,11222,DEPUTADO ESTADUAL,PP,PROGRESSISTAS,FEDERAÇÃO,FEDERAÇÃO UNIÃO PROGRESSISTA(44-UNIÃO/11-PP),#NULO,#NE,MASCULINO,ENSINO MÉDIO INCOMPLETO,BRANCA,SP,SP,SÃO PAULO
250002533762,CÁTIA MARISA TAPPI,CATIA TAPPI,#NULO,11077,DEPUTADO ESTADUAL,PP,PROGRESSISTAS,FEDERAÇÃO,FEDERAÇÃO UNIÃO PROGRESSISTA(44-UNIÃO/11-PP),#NULO,#NE,FEMININO,SUPERIOR INCOMPLETO,BRANCA,SP,SP,SÃO PAULO
250002533738,CESAR BRUNO CASTELHANO BOMFIM,CESAR BOMFIM,#NULO,11084,DEPUTADO ESTADUAL,PP,PROGRESSISTAS,FEDERAÇÃO,FEDERAÇÃO UNIÃO PROGRESSISTA(44-UNIÃO/11-PP),#NULO,#NE,MASCULINO,SUPERIOR COMPLETO,PARDA,SP,SP,SÃO PAULO
250002533770,LETÍCIA SANTOS,CHIQUINHA DO GRAJAU,#NULO,11411,DEPUTADO ESTADUAL,PP,PROGRESSISTAS,FEDERAÇÃO,FEDERAÇÃO UNIÃO PROGRESSISTA(44-UNIÃO/11-PP),#NULO,#NE,FEMININO,SUPERIOR INCOMPLETO,PARDA,SP,SP,SÃO PAULO
250002533807,CLODOALDO DIAS GUIMARÃES,CLODOALDO BOLSONARO,#NULO,11711,DEPUTADO ESTADUAL,PP,PROGRESSISTAS,FEDERAÇÃO,FEDERAÇÃO UNIÃO PROGRESSISTA(44-UNIÃO/11-PP),#NULO,#NE,MASCULINO,SUPERIOR INCOMPLETO,BRANCA,SP,SP,SÃO PAULO
250002533740,DANILO BARBOSA MACHADO,DANILO JOAN,#NULO,11111,DEPUTADO ESTADUAL,PP,PROGRESSISTAS,FEDERAÇÃO,FEDERAÇÃO UNIÃO PROGRESSISTA(44-UNIÃO/11-PP),#NULO,#NE,MASCULINO,SUPERIOR COMPLETO,BRANCA,SP,SP,SÃO PAULO
250002533773,DEBORA MARCONDES SILVA FERRARESI,DEBORA MARCONDES,#NULO,11500,DEPUTADO ESTADUAL,PP,PROGRESSISTAS,FEDERAÇÃO,FEDERAÇÃO UNIÃO PROGRESSISTA(44-UNIÃO/11-PP),#NULO,#NE,FEMININO,SUPERIOR COMPLETO,BRANCA,SP,SP,SÃO PAULO
250002533768,GUSTAVO MESQUITA GALVÃO BUENO,DELEGADO MESQUITA,#NULO,11000,DEPUTADO ESTADUAL,PP,PROGRESSISTAS,FEDERAÇÃO,FEDERAÇÃO UNIÃO PROGRESSISTA(44-UNIÃO/11-PP),#NULO,#NE,MASCULINO,SUPERIOR COMPLETO,BRANCA,SP,SP,SÃO PAULO
250002533776,ANTÔNIO ASSUNÇÃO DE OLIM,DELEGADO OLIM,#NULO,11777,DEPUTADO ESTADUAL,PP,PROGRESSISTAS,FEDERAÇÃO,FEDERAÇÃO UNIÃO PROGRESSISTA(44-UNIÃO/11-PP),#NULO,#NE,MASCULINO,SUPERIOR COMPLETO,BRANCA,SP,SP,SÃO PAULO
250002533790,SABRINA DE CILLO,DETETIVE SABRINA,#NULO,11007,DEPUTADO ESTADUAL,PP,PROGRESSISTAS,FEDERAÇÃO,FEDERAÇÃO UNIÃO PROGRESSISTA(44-UNIÃO/11-PP),#NULO,#NE,FEMININO,SUPERIOR INCOMPLETO,BRANCA,SP,SP,SÃO PAULO
250002533746,ANTÔNIO CASSIO HABICE PRADO,DR CÁSSIO PRADO,#NULO,11200,DEPUTADO ESTADUAL,PP,PROGRESSISTAS,FEDERAÇÃO,FEDERAÇÃO UNIÃO PROGRESSISTA(44-UNIÃO/11-PP),#NULO,#NE,MASCULINO,SUPERIOR COMPLETO,BRANCA,SP,SP,SÃO PAULO
250002533749,JOSEPH RAFFOUL JUNIOR,DR RAFU,#NULO,11999,DEPUTADO ESTADUAL,PP,PROGRESSISTAS,FEDERAÇÃO,FEDERAÇÃO UNIÃO PROGRESSISTA(44-UNIÃO/11-PP),#NULO,#NE,MASCULINO,SUPERIOR COMPLETO,BRANCA,SP,SP,SÃO PAULO
250002533772,JOÃO MARCOS MARTINS,DR. JOÃO MARTINS,#NULO,11211,DEPUTADO ESTADUAL,PP,PROGRESSISTAS,FEDERAÇÃO,FEDERAÇÃO UNIÃO PROGRESSISTA(44-UNIÃO/11-PP),#NULO,#NE,MASCULINO,SUPERIOR COMPLETO,BRANCA,SP,SP,SÃO PAULO
250002533799,TELMA MARA DOS SANTOS RODOLPHO,DRA TELMA,#NULO,11511,DEPUTADO ESTADUAL,PP,PROGRESSISTAS,FEDERAÇÃO,FEDERAÇÃO UNIÃO PROGRESSISTA(44-UNIÃO/11-PP),#NULO,#NE,FEMININO,SUPERIOR COMPLETO,PRETA,SP,SP,SÃO PAULO
250002533744,CARLA GRACIELE BARONI,DRA. CARLA BARONI,#NULO,11199,DEPUTADO ESTADUAL,PP,PROGRESSISTAS,FEDERAÇÃO,FEDERAÇÃO UNIÃO PROGRESSISTA(44-UNIÃO/11-PP),#NULO,#NE,FEMININO,SUPERIOR COMPLETO,BRANCA,SP,SP,SÃO PAULO
250002533765,ELIANE PACHECO CONCEIÇÃO,ELIANE PACHECO,#NULO,11221,DEPUTADO ESTADUAL,PP,PROGRESSISTAS,FEDERAÇÃO,FEDERAÇÃO UNIÃO PROGRESSISTA(44-UNIÃO/11-PP),#NULO,#NE,FEMININO,SUPERIOR COMPLETO,PRETA,SP,SP,SÃO PAULO
250002533741,FERNANDO MANSO,FERNANDO MANSO,#NULO,11253,DEPUTADO ESTADUAL,PP,PROGRESSISTAS,FEDERAÇÃO,FEDERAÇÃO UNIÃO PROGRESSISTA(44-UNIÃO/11-PP),#NULO,#NE,MASCULINO,ENSINO MÉDIO COMPLETO,BRANCA,SP,SP,SÃO PAULO
250002533800,JOÃO VITOR ALVES MARTINS,JOAO VITOR MARTINS,#NULO,11110,DEPUTADO ESTADUAL,PP,PROGRESSISTAS,FEDERAÇÃO,FEDERAÇÃO UNIÃO PROGRESSISTA(44-UNIÃO/11-PP),#NULO,#NE,MASCULINO,SUPERIOR COMPLETO,BRANCA,SP,SP,SÃO PAULO
250002533769,JOSÉ EVERALDO BORGES,JOSEF BORGES,#NULO,11112,DEPUTADO ESTADUAL,PP,PROGRESSISTAS,FEDERAÇÃO,FEDERAÇÃO UNIÃO PROGRESSISTA(44-UNIÃO/11-PP),#NULO,#NE,MASCULINO,SUPERIOR COMPLETO,BRANCA,SP,SP,SÃO PAULO
250002533795,LUCIANO DA SILVA,LUCIANO SILVA,#NULO,11234,DEPUTADO ESTADUAL,PP,PROGRESSISTAS,FEDERAÇÃO,FEDERAÇÃO UNIÃO PROGRESSISTA(44-UNIÃO/11-PP),#NULO,#NE,MASCULINO,SUPERIOR COMPLETO,BRANCA,SP,SP,SÃO PAULO
250002533766,LUCIMARA BATISTA GERMANO DO NASCIMENTO,LUCIMARA DO POVAO,#NULO,11789,DEPUTADO ESTADUAL,PP,PROGRESSISTAS,FEDERAÇÃO,FEDERAÇÃO UNIÃO PROGRESSISTA(44-UNIÃO/11-PP),#NULO,#NE,FEMININO,ENSINO MÉDIO COMPLETO,BRANCA,SP,SP,SÃO PAULO
250002533804,MANOEL MARCOS DE JESUS FERREIRA,MANOEL MARCOS (MANÉ),#NULO,11012,DEPUTADO ESTADUAL,PP,PROGRESSISTAS,FEDERAÇÃO,FEDERAÇÃO UNIÃO PROGRESSISTA(44-UNIÃO/11-PP),#NULO,#NE,MASCULINO,SUPERIOR COMPLETO,BRANCA,SP,SP,SÃO PAULO
250002533805,MARCELO DE OLIVEIRA CIRILO,MARCELO KURU,#NULO,11321,DEPUTADO ESTADUAL,PP,PROGRESSISTAS,FEDERAÇÃO,FEDERAÇÃO UNIÃO PROGRESSISTA(44-UNIÃO/11-PP),#NULO,#NE,MASCULINO,SUPERIOR INCOMPLETO,BRANCA,SP,SP,SÃO PAULO
250002533796,MATHEUS SERAFIM,MATHEUS SERAFIM,#NULO,11333,DEPUTADO ESTADUAL,PP,PROGRESSISTAS,FEDERAÇÃO,FEDERAÇÃO UNIÃO PROGRESSISTA(44-UNIÃO/11-PP),#NULO,#NE,MASCULINO,SUPERIOR COMPLETO,BRANCA,SP,SP,SÃO PAULO
250002533802,MAURO MARQUES DAS NEVES,MAURO NEVES,#NULO,11193,DEPUTADO ESTADUAL,PP,PROGRESSISTAS,FEDERAÇÃO,FEDERAÇÃO UNIÃO PROGRESSISTA(44-UNIÃO/11-PP),#NULO,#NE,MASCULINO,SUPERIOR COMPLETO,BRANCA,SP,SP,SÃO PAULO
250002533775,CASSIA ROCHA FAGUNDES COGUETO,MISSIONARIA CASSIA COGUETO,#NULO,11700,DEPUTADO ESTADUAL,PP,PROGRESSISTAS,FEDERAÇÃO,FEDERAÇÃO UNIÃO PROGRESSISTA(44-UNIÃO/11-PP),#NULO,#NE,FEMININO,SUPERIOR COMPLETO,BRANCA,SP,SP,SÃO PAULO
250002533771,PAULO MARCELO VENCESLAU,PAULO VENCESLAU,#NULO,11100,DEPUTADO ESTADUAL,PP,PROGRESSISTAS,FEDERAÇÃO,FEDERAÇÃO UNIÃO PROGRESSISTA(44-UNIÃO/11-PP),#NULO,#NE,MASCULINO,SUPERIOR INCOMPLETO,BRANCA,SP,SP,SÃO PAULO
250002533781,EVERSON LEONARDI DE PAULA,POLACO MOURA,#NULO,11555,DEPUTADO ESTADUAL,PP,PROGRESSISTAS,FEDERAÇÃO,FEDERAÇÃO UNIÃO PROGRESSISTA(44-UNIÃO/11-PP),#NULO,#NE,MASCULINO,SUPERIOR COMPLETO,BRANCA,SP,SP,SÃO PAULO
250002533753,MARIA LETÍCIA DE FREITAS ASSIS,POLICIAL LETÍCIA ASSIS,#NULO,11180,DEPUTADO ESTADUAL,PP,PROGRESSISTAS,FEDERAÇÃO,FEDERAÇÃO UNIÃO PROGRESSISTA(44-UNIÃO/11-PP),#NULO,#NE,FEMININO,SUPERIOR INCOMPLETO,PARDA,SP,SP,SÃO PAULO
250002533785,VICENTE DE PAULA MARTINS DA SILVA FILHO,PROFESSOR VICENTE,#NULO,11678,DEPUTADO ESTADUAL,PP,PROGRESSISTAS,FEDERAÇÃO,FEDERAÇÃO UNIÃO PROGRESSISTA(44-UNIÃO/11-PP),#NULO,#NE,MASCULINO,SUPERIOR COMPLETO,BRANCA,SP,SP,SÃO PAULO
250002533767,SANTIAGO DOS SANTOS ANGELO,SANTIAGO ANGELO,#NULO,11123,DEPUTADO ESTADUAL,PP,PROGRESSISTAS,FEDERAÇÃO,FEDERAÇÃO UNIÃO PROGRESSISTA(44-UNIÃO/11-PP),#NULO,#NE,MASCULINO,ENSINO MÉDIO COMPLETO,PARDA,SP,SP,SÃO PAULO
250002533778,NILSON CASTRO SILVA,SARGENTO CASTRO,#NULO,11911,DEPUTADO ESTADUAL,PP,PROGRESSISTAS,FEDERAÇÃO,FEDERAÇÃO UNIÃO PROGRESSISTA(44-UNIÃO/11-PP),#NULO,#NE,MASCULINO,SUPERIOR COMPLETO,BRANCA,SP,SP,SÃO PAULO
250002533803,SONIA DE BRITO PARREIRA,SONINHA DE SAÚDE,#NULO,11456,DEPUTADO ESTADUAL,PP,PROGRESSISTAS,FEDERAÇÃO,FEDERAÇÃO UNIÃO PROGRESSISTA(44-UNIÃO/11-PP),#NULO,#NE,FEMININO,SUPERIOR COMPLETO,PRETA,SP,SP,SÃO PAULO
250002533757,RAFAEL HENRIQUE CANO TELHADA,TELHADINHA - CAPITÃO TELHADA,#NULO,11190,DEPUTADO ESTADUAL,PP,PROGRESSISTAS,FEDERAÇÃO,FEDERAÇÃO UNIÃO PROGRESSISTA(44-UNIÃO/11-PP),#NULO,#NE,MASCULINO,SUPERIOR COMPLETO,BRANCA,SP,SP,SÃO PAULO
250002533797,PAULO SUSSUMU KOBAYASHI,TENENTE PAULO KOBAYASHI,#NULO,11002,DEPUTADO ESTADUAL,PP,PROGRESSISTAS,FEDERAÇÃO,FEDERAÇÃO UNIÃO PROGRESSISTA(44-UNIÃO/11-PP),#NULO,#NE,MASCULINO,SUPERIOR COMPLETO,BRANCA,SP,SP,SÃO PAULO
250002533794,VIVIANE APARECIDA NUNES MARCHESI TROMBINI,VIVIANE TROMBINI,#NULO,11888,DEPUTADO ESTADUAL,PP,PROGRESSISTAS,FEDERAÇÃO,FEDERAÇÃO UNIÃO PROGRESSISTA(44-UNIÃO/11-PP),#NULO,#NE,FEMININO,SUPERIOR COMPLETO,BRANCA,SP,SP,SÃO PAULO
250002534135,ALAN DOS SANTOS LEAL,ALAN LEAL,#NULO,25678,DEPUTADO ESTADUAL,PRD,PARTIDO RENOVACAO DEMOCRATICA,FEDERAÇÃO,FEDERAÇÃO RENOVAÇÃO SOLIDÁRIA(25-PRD/77-SOLIDARIEDADE),#NULO,#NE,MASCULINO,SUPERIOR COMPLETO,PARDA,SP,SP,SÃO PAULO
250002534136,JOSE ALBERTO BARRETO DA COSTA,ALBERTO BARRETO,#NULO,25321,DEPUTADO ESTADUAL,PRD,PARTIDO RENOVACAO DEMOCRATICA,FEDERAÇÃO,FEDERAÇÃO RENOVAÇÃO SOLIDÁRIA(25-PRD/77-SOLIDARIEDADE),#NULO,#NE,MASCULINO,SUPERIOR COMPLETO,BRANCA,SP,SP,SÃO PAULO
250002534183,ANDRE LUIZ BARBEZANI,ANDRE BARBEZANI,#NULO,25050,DEPUTADO ESTADUAL,PRD,PARTIDO RENOVACAO DEMOCRATICA,FEDERAÇÃO,FEDERAÇÃO RENOVAÇÃO SOLIDÁRIA(25-PRD/77-SOLIDARIEDADE),#NULO,#NE,MASCULINO,SUPERIOR COMPLETO,BRANCA,SP,SP,SÃO PAULO
250002534175,ANESIO FERREIRA DE CAMPOS,ANÉSIO DE CAMPOS,#NULO,25133,DEPUTADO ESTADUAL,PRD,PARTIDO RENOVACAO DEMOCRATICA,FEDERAÇÃO,FEDERAÇÃO RENOVAÇÃO SOLIDÁRIA(25-PRD/77-SOLIDARIEDADE),#NULO,#NE,MASCULINO,SUPERIOR COMPLETO,BRANCA,SP,SP,SÃO PAULO
250002534178,ATILA CESAR MONTEIRO JACOMUSSI,ATILA JACOMUSSI,#NULO,25000,DEPUTADO ESTADUAL,PRD,PARTIDO RENOVACAO DEMOCRATICA,FEDERAÇÃO,FEDERAÇÃO RENOVAÇÃO SOLIDÁRIA(25-PRD/77-SOLIDARIEDADE),#NULO,#NE,MASCULINO,ENSINO MÉDIO COMPLETO,PARDA,SP,SP,SÃO PAULO
250002534164,NELMAR PEIXOTO FRISENE,CAPITÃO FRISENE,#NULO,25017,DEPUTADO ESTADUAL,PRD,PARTIDO RENOVACAO DEMOCRATICA,FEDERAÇÃO,FEDERAÇÃO RENOVAÇÃO SOLIDÁRIA(25-PRD/77-SOLIDARIEDADE),#NULO,#NE,MASCULINO,SUPERIOR COMPLETO,BRANCA,SP,SP,SÃO PAULO
250002534185,CAROLINA MAZONI BIOTO,CAROL BIOTO NPN,#NULO,25111,DEPUTADO ESTADUAL,PRD,PARTIDO RENOVACAO DEMOCRATICA,FEDERAÇÃO,FEDERAÇÃO RENOVAÇÃO SOLIDÁRIA(25-PRD/77-SOLIDARIEDADE),#NULO,#NE,FEMININO,SUPERIOR COMPLETO,BRANCA,SP,SP,SÃO PAULO
250002534142,CLAUDIA RAQUEL DE GIULI ALVES,CLAUDIA DE GIULI,#NULO,25125,DEPUTADO ESTADUAL,PRD,PARTIDO RENOVACAO DEMOCRATICA,FEDERAÇÃO,FEDERAÇÃO RENOVAÇÃO SOLIDÁRIA(25-PRD/77-SOLIDARIEDADE),#NULO,#NE,FEMININO,SUPERIOR COMPLETO,BRANCA,SP,SP,SÃO PAULO
250002534133,MAGNO JULIAO DOS SANTOS,CORONEL MAGNO JULIÃO,#NULO,25112,DEPUTADO ESTADUAL,PRD,PARTIDO RENOVACAO DEMOCRATICA,FEDERAÇÃO,FEDERAÇÃO RENOVAÇÃO SOLIDÁRIA(25-PRD/77-SOLIDARIEDADE),#NULO,#NE,MASCULINO,SUPERIOR COMPLETO,BRANCA,SP,SP,SÃO PAULO
250002534140,DANIELE BENEDITI BRAGION,DANIELE DENTISTA,#NULO,25622,DEPUTADO ESTADUAL,PRD,PARTIDO RENOVACAO DEMOCRATICA,FEDERAÇÃO,FEDERAÇÃO RENOVAÇÃO SOLIDÁRIA(25-PRD/77-SOLIDARIEDADE),#NULO,#NE,FEMININO,SUPERIOR COMPLETO,BRANCA,SP,SP,SÃO PAULO
250002534139,FABIO COELHO DE OLIVEIRA,DR FABIO COELHO,#NULO,25007,DEPUTADO ESTADUAL,PRD,PARTIDO RENOVACAO DEMOCRATICA,FEDERAÇÃO,FEDERAÇÃO RENOVAÇÃO SOLIDÁRIA(25-PRD/77-SOLIDARIEDADE),#NULO,#NE,MASCULINO,SUPERIOR COMPLETO,BRANCA,SP,SP,SÃO PAULO
250002534132,MARCELO MAZZARIOL,DR. MARCELO,#NULO,25001,DEPUTADO ESTADUAL,PRD,PARTIDO RENOVACAO DEMOCRATICA,FEDERAÇÃO,FEDERAÇÃO RENOVAÇÃO SOLIDÁRIA(25-PRD/77-SOLIDARIEDADE),#NULO,#NE,MASCULINO,ENSINO MÉDIO COMPLETO,BRANCA,SP,SP,SÃO PAULO
250002534168,ANGELA GISELDA RUSSO PUCCIA DE LIMA,DRA ANGELA,#NULO,25250,DEPUTADO ESTADUAL,PRD,PARTIDO RENOVACAO DEMOCRATICA,FEDERAÇÃO,FEDERAÇÃO RENOVAÇÃO SOLIDÁRIA(25-PRD/77-SOLIDARIEDADE),#NULO,#NE,FEMININO,SUPERIOR COMPLETO,BRANCA,SP,SP,SÃO PAULO
250002534169,CARLOS EDUARDO VENTURINI,DU VENTURINI,#NULO,25800,DEPUTADO ESTADUAL,PRD,PARTIDO RENOVACAO DEMOCRATICA,FEDERAÇÃO,FEDERAÇÃO RENOVAÇÃO SOLIDÁRIA(25-PRD/77-SOLIDARIEDADE),#NULO,#NE,MASCULINO,SUPERIOR COMPLETO,BRANCA,SP,SP,SÃO PAULO
250002534145,EDSON TOMAZINI,ED THOMAS,#NULO,25123,DEPUTADO ESTADUAL,PRD,PARTIDO RENOVACAO DEMOCRATICA,FEDERAÇÃO,FEDERAÇÃO RENOVAÇÃO SOLIDÁRIA(25-PRD/77-SOLIDARIEDADE),#NULO,#NE,MASCULINO,ENSINO MÉDIO COMPLETO,BRANCA,SP,SP,SÃO PAULO
250002534156,EMERSON TCHALIAN FERREIRA,EMERSON TCHALIAN,#NULO,25888,DEPUTADO ESTADUAL,PRD,PARTIDO RENOVACAO DEMOCRATICA,FEDERAÇÃO,FEDERAÇÃO RENOVAÇÃO SOLIDÁRIA(25-PRD/77-SOLIDARIEDADE),#NULO,#NE,MASCULINO,ENSINO MÉDIO INCOMPLETO,BRANCA,SP,SP,SÃO PAULO
250002534125,EVERTON LUIZ FERNANDES SODARIO RAIMUNDO,EVERTON SODARIO,#NULO,25018,DEPUTADO ESTADUAL,PRD,PARTIDO RENOVACAO DEMOCRATICA,FEDERAÇÃO,FEDERAÇÃO RENOVAÇÃO SOLIDÁRIA(25-PRD/77-SOLIDARIEDADE),#NULO,#NE,MASCULINO,SUPERIOR COMPLETO,BRANCA,SP,SP,SÃO PAULO
250002534155,FLAVIA CRISTIANE GONÇALVES RESENDE,FLAVIA RESENDE,#NULO,25255,DEPUTADO ESTADUAL,PRD,PARTIDO RENOVACAO DEMOCRATICA,FEDERAÇÃO,FEDERAÇÃO RENOVAÇÃO SOLIDÁRIA(25-PRD/77-SOLIDARIEDADE),#NULO,#NE,FEMININO,SUPERIOR COMPLETO,BRANCA,SP,SP,SÃO PAULO
250002534158,GERSON MAGDALENO,GERSON MAGDALENO,#NULO,25444,DEPUTADO ESTADUAL,PRD,PARTIDO RENOVACAO DEMOCRATICA,FEDERAÇÃO,FEDERAÇÃO RENOVAÇÃO SOLIDÁRIA(25-PRD/77-SOLIDARIEDADE),#NULO,#NE,MASCULINO,SUPERIOR COMPLETO,BRANCA,SP,SP,SÃO PAULO
250002534187,JOSE BRUNO GEMAQUE COSTA,JOSÉ BRUNO GEMAQUE COSTA,#NULO,25022,DEPUTADO ESTADUAL,PRD,PARTIDO RENOVACAO DEMOCRATICA,FEDERAÇÃO,FEDERAÇÃO RENOVAÇÃO SOLIDÁRIA(25-PRD/77-SOLIDARIEDADE),#NULO,#NE,MASCULINO,SUPERIOR COMPLETO,BRANCA,SP,SP,SÃO PAULO
250002534141,BERNARDO CASTRO JUNIOR,JUNINHO DA FARMÁCIA,#NULO,25999,DEPUTADO ESTADUAL,PRD,PARTIDO RENOVACAO DEMOCRATICA,FEDERAÇÃO,FEDERAÇÃO RENOVAÇÃO SOLIDÁRIA(25-PRD/77-SOLIDARIEDADE),#NULO,#NE,MASCULINO,SUPERIOR COMPLETO,BRANCA,SP,SP,SÃO PAULO
250002534153,LEONARDO RODRIGUES PEREIRA DE OLIVEIRA,LEO RODRIGUES,#NULO,25777,DEPUTADO ESTADUAL,PRD,PARTIDO RENOVACAO DEMOCRATICA,FEDERAÇÃO,FEDERAÇÃO RENOVAÇÃO SOLIDÁRIA(25-PRD/77-SOLIDARIEDADE),#NULO,#NE,MASCULINO,ENSINO MÉDIO COMPLETO,BRANCA,SP,SP,SÃO PAULO
250002534162,LUCIANA PELLEGRINI MARQUES PENTEADO DE ALMEIDA,LUCIANA PELEGRINI,#NULO,25110,DEPUTADO ESTADUAL,PRD,PARTIDO RENOVACAO DEMOCRATICA,FEDERAÇÃO,FEDERAÇÃO RENOVAÇÃO SOLIDÁRIA(25-PRD/77-SOLIDARIEDADE),#NULO,#NE,FEMININO,SUPERIOR COMPLETO,PARDA,SP,SP,SÃO PAULO
250002534179,MAURO PAULINO MENDES,MAURO DOS MATERIAIS,#NULO,25014,DEPUTADO ESTADUAL,PRD,PARTIDO RENOVACAO DEMOCRATICA,FEDERAÇÃO,FEDERAÇÃO RENOVAÇÃO SOLIDÁRIA(25-PRD/77-SOLIDARIEDADE),#NULO,#NE,MASCULINO,ENSINO FUNDAMENTAL INCOMPLETO,PARDA,SP,SP,SÃO PAULO
250002534182,RAFAEL RODRIGUEZ MIRANDA,RAFAEL MIRANDA DO CÃO SEM DONO,#NULO,25900,DEPUTADO ESTADUAL,PRD,PARTIDO RENOVACAO DEMOCRATICA,FEDERAÇÃO,FEDERAÇÃO RENOVAÇÃO SOLIDÁRIA(25-PRD/77-SOLIDARIEDADE),#NULO,#NE,MASCULINO,SUPERIOR COMPLETO,BRANCA,SP,SP,SÃO PAULO
250002534173,ROSMARI GUIMARÃES,ROSA DA INFORMA,#NULO,25922,DEPUTADO ESTADUAL,PRD,PARTIDO RENOVACAO DEMOCRATICA,FEDERAÇÃO,FEDERAÇÃO RENOVAÇÃO SOLIDÁRIA(25-PRD/77-SOLIDARIEDADE),#NULO,#NE,FEMININO,SUPERIOR COMPLETO,BRANCA,SP,SP,SÃO PAULO
250002534148,ROSANA TESSITORI,ROSANA TESSITORI,#NULO,25181,DEPUTADO ESTADUAL,PRD,PARTIDO RENOVACAO DEMOCRATICA,FEDERAÇÃO,FEDERAÇÃO RENOVAÇÃO SOLIDÁRIA(25-PRD/77-SOLIDARIEDADE),#NULO,#NE,FEMININO,ENSINO MÉDIO COMPLETO,BRANCA,SP,SP,SÃO PAULO
250002534152,ROSIANE IZIDIO DE OLIVEIRA MAKIYAMA,ROSIANE MAKIYAMA,#NULO,25222,DEPUTADO ESTADUAL,PRD,PARTIDO RENOVACAO DEMOCRATICA,FEDERAÇÃO,FEDERAÇÃO RENOVAÇÃO SOLIDÁRIA(25-PRD/77-SOLIDARIEDADE),#NULO,#NE,FEMININO,SUPERIOR COMPLETO,BRANCA,SP,SP,SÃO PAULO
250002534128,VANIA REGINA DE ALMEIDA,SARGENTO VANIA REGINA,#NULO,25190,DEPUTADO ESTADUAL,PRD,PARTIDO RENOVACAO DEMOCRATICA,FEDERAÇÃO,FEDERAÇÃO RENOVAÇÃO SOLIDÁRIA(25-PRD/77-SOLIDARIEDADE),#NULO,#NE,FEMININO,SUPERIOR COMPLETO,BRANCA,SP,SP,SÃO PAULO
250002534167,SONIA MARIA FERRAZ DE MOURA,SONIA MOURA,#NULO,25555,DEPUTADO ESTADUAL,PRD,PARTIDO RENOVACAO DEMOCRATICA,FEDERAÇÃO,FEDERAÇÃO RENOVAÇÃO SOLIDÁRIA(25-PRD/77-SOLIDARIEDADE),#NULO,#NE,FEMININO,SUPERIOR COMPLETO,BRANCA,SP,SP,SÃO PAULO
250002534129,THIAGO BUSCARIOLI COLARES,THIAGO BUSCARIOLI,#NULO,25025,DEPUTADO ESTADUAL,PRD,PARTIDO RENOVACAO DEMOCRATICA,FEDERAÇÃO,FEDERAÇÃO RENOVAÇÃO SOLIDÁRIA(25-PRD/77-SOLIDARIEDADE),#NULO,#NE,MASCULINO,SUPERIOR COMPLETO,BRANCA,SP,SP,SÃO PAULO
250002534184,THIAGO WILLIAM LIRA,THIAGO LIRA,#NULO,25369,DEPUTADO ESTADUAL,PRD,PARTIDO RENOVACAO DEMOCRATICA,FEDERAÇÃO,FEDERAÇÃO RENOVAÇÃO SOLIDÁRIA(25-PRD/77-SOLIDARIEDADE),#NULO,#NE,MASCULINO,SUPERIOR COMPLETO,BRANCA,SP,SP,SÃO PAULO
250002534176,VANDERLEI FRANCISCO DA GRACA,VANDERLEI DA GRAÇA D MADUREIRA,#NULO,25333,DEPUTADO ESTADUAL,PRD,PARTIDO RENOVACAO DEMOCRATICA,FEDERAÇÃO,FEDERAÇÃO RENOVAÇÃO SOLIDÁRIA(25-PRD/77-SOLIDARIEDADE),#NULO,#NE,MASCULINO,SUPERIOR COMPLETO,BRANCA,SP,SP,SÃO PAULO
250002534172,CELSO LUIS DE AVILA BUENO,CELSO ÁVILA,#NULO,77700,DEPUTADO ESTADUAL,SOLIDARIEDADE,SOLIDARIEDADE,FEDERAÇÃO,FEDERAÇÃO RENOVAÇÃO SOLIDÁRIA(25-PRD/77-SOLIDARIEDADE),#NULO,#NE,MASCULINO,SUPERIOR COMPLETO,BRANCA,SP,SP,SÃO PAULO
250002534160,DENILSON SOARES,DENILSON SOARES,#NULO,77153,DEPUTADO ESTADUAL,SOLIDARIEDADE,SOLIDARIEDADE,FEDERAÇÃO,FEDERAÇÃO RENOVAÇÃO SOLIDÁRIA(25-PRD/77-SOLIDARIEDADE),#NULO,#NE,MASCULINO,SUPERIOR COMPLETO,PARDA,SP,SP,SÃO PAULO
250002534171,FRANCISCO BRUNO MARIANO DE MORAES RABELLO,DOUTOR FRAN,#NULO,77800,DEPUTADO ESTADUAL,SOLIDARIEDADE,SOLIDARIEDADE,FEDERAÇÃO,FEDERAÇÃO RENOVAÇÃO SOLIDÁRIA(25-PRD/77-SOLIDARIEDADE),#NULO,#NE,MASCULINO,SUPERIOR COMPLETO,BRANCA,SP,SP,SÃO PAULO
250002534144,NADIA VIEIRA FRANCISCO,DRA. NÁDIA VIEIRA,#NULO,77007,DEPUTADO ESTADUAL,SOLIDARIEDADE,SOLIDARIEDADE,FEDERAÇÃO,FEDERAÇÃO RENOVAÇÃO SOLIDÁRIA(25-PRD/77-SOLIDARIEDADE),#NULO,#NE,FEMININO,SUPERIOR COMPLETO,BRANCA,SP,SP,SÃO PAULO
250002534177,JOSE ALVIM FILHO,DÉ ALVIM,#NULO,77513,DEPUTADO ESTADUAL,SOLIDARIEDADE,SOLIDARIEDADE,FEDERAÇÃO,FEDERAÇÃO RENOVAÇÃO SOLIDÁRIA(25-PRD/77-SOLIDARIEDADE),#NULO,#NE,MASCULINO,SUPERIOR COMPLETO,PARDA,SP,SP,SÃO PAULO
250002534188,SERGIO LUIZ DE ARAUJO,GOLEIRO SERGIO,#NULO,77012,DEPUTADO ESTADUAL,SOLIDARIEDADE,SOLIDARIEDADE,FEDERAÇÃO,FEDERAÇÃO RENOVAÇÃO SOLIDÁRIA(25-PRD/77-SOLIDARIEDADE),#NULO,#NE,MASCULINO,ENSINO MÉDIO COMPLETO,BRANCA,SP,SP,SÃO PAULO
250002534143,IVAN CLEBER VICENSOTTI,IVAN VICENSOTTI,#NULO,77222,DEPUTADO ESTADUAL,SOLIDARIEDADE,SOLIDARIEDADE,FEDERAÇÃO,FEDERAÇÃO RENOVAÇÃO SOLIDÁRIA(25-PRD/77-SOLIDARIEDADE),#NULO,#NE,MASCULINO,SUPERIOR INCOMPLETO,BRANCA,SP,SP,SÃO PAULO
250002534138,JOAO TEIXEIRA FILHO,JOÃO BRAZ,#NULO,77604,DEPUTADO ESTADUAL,SOLIDARIEDADE,SOLIDARIEDADE,FEDERAÇÃO,FEDERAÇÃO RENOVAÇÃO SOLIDÁRIA(25-PRD/77-SOLIDARIEDADE),#NULO,#NE,MASCULINO,ENSINO MÉDIO COMPLETO,BRANCA,SP,SP,SÃO PAULO
250002534154,LUIS HENRIQUE GONCALVES MACHADO BOATTO,LUIS BOATTO,#NULO,77555,DEPUTADO ESTADUAL,SOLIDARIEDADE,SOLIDARIEDADE,FEDERAÇÃO,FEDERAÇÃO RENOVAÇÃO SOLIDÁRIA(25-PRD/77-SOLIDARIEDADE),#NULO,#NE,MASCULINO,SUPERIOR COMPLETO,BRANCA,SP,SP,SÃO PAULO
250002534180,MARCELA FREITAS AFONSO,MARCELA AFONSO,#NULO,77678,DEPUTADO ESTADUAL,SOLIDARIEDADE,SOLIDARIEDADE,FEDERAÇÃO,FEDERAÇÃO RENOVAÇÃO SOLIDÁRIA(25-PRD/77-SOLIDARIEDADE),#NULO,#NE,FEMININO,SUPERIOR COMPLETO,BRANCA,SP,SP,SÃO PAULO
250002534127,MARCOS ADVINCULA JOAZEIRO,MARKIM JOAZEIRO,#NULO,77000,DEPUTADO ESTADUAL,SOLIDARIEDADE,SOLIDARIEDADE,FEDERAÇÃO,FEDERAÇÃO RENOVAÇÃO SOLIDÁRIA(25-PRD/77-SOLIDARIEDADE),#NULO,#NE,MASCULINO,SUPERIOR COMPLETO,BRANCA,SP,SP,SÃO PAULO
250002534189,MASSAEL BESSA DA SILVA,MASSAEL BESSA,#NULO,77711,DEPUTADO ESTADUAL,SOLIDARIEDADE,SOLIDARIEDADE,FEDERAÇÃO,FEDERAÇÃO RENOVAÇÃO SOLIDÁRIA(25-PRD/77-SOLIDARIEDADE),#NULO,#NE,MASCULINO,ENSINO MÉDIO COMPLETO,PARDA,SP,SP,SÃO PAULO
250002534130,MATHEUS MAROLLA RIBEIRO,MATHEUS MAROLLA,#NULO,77037,DEPUTADO ESTADUAL,SOLIDARIEDADE,SOLIDARIEDADE,FEDERAÇÃO,FEDERAÇÃO RENOVAÇÃO SOLIDÁRIA(25-PRD/77-SOLIDARIEDADE),#NULO,#NE,MASCULINO,SUPERIOR COMPLETO,BRANCA,SP,SP,SÃO PAULO
250002534161,ORLANDO MAURICIO JUNIOR,MAURÍCIO BRINQUINHO,#NULO,77277,DEPUTADO ESTADUAL,SOLIDARIEDADE,SOLIDARIEDADE,FEDERAÇÃO,FEDERAÇÃO RENOVAÇÃO SOLIDÁRIA(25-PRD/77-SOLIDARIEDADE),#NULO,#NE,MASCULINO,SUPERIOR INCOMPLETO,BRANCA,SP,SP,SÃO PAULO
250002534159,MONICA APARECIDA CALAZANS,MONICA CALAZANS,#NULO,77749,DEPUTADO ESTADUAL,SOLIDARIEDADE,SOLIDARIEDADE,FEDERAÇÃO,FEDERAÇÃO RENOVAÇÃO SOLIDÁRIA(25-PRD/77-SOLIDARIEDADE),#NULO,#NE,FEMININO,SUPERIOR COMPLETO,PRETA,SP,SP,SÃO PAULO
250002534163,NATHACIA BARBOSA AMARAL,NATHÁCIA AMARAL,#NULO,77100,DEPUTADO ESTADUAL,SOLIDARIEDADE,SOLIDARIEDADE,FEDERAÇÃO,FEDERAÇÃO RENOVAÇÃO SOLIDÁRIA(25-PRD/77-SOLIDARIEDADE),#NULO,#NE,FEMININO,ENSINO MÉDIO COMPLETO,PRETA,SP,SP,SÃO PAULO
250002534157,ANDREIA PATRICIA DA SILVA,PATRICIA LEAL,#NULO,77977,DEPUTADO ESTADUAL,SOLIDARIEDADE,SOLIDARIEDADE,FEDERAÇÃO,FEDERAÇÃO RENOVAÇÃO SOLIDÁRIA(25-PRD/77-SOLIDARIEDADE),#NULO,#NE,FEMININO,ENSINO MÉDIO COMPLETO,BRANCA,SP,SP,SÃO PAULO
250002534149,POLIANA PENACHIOTTI BARBETI,POLIANA BARBETI,#NULO,77852,DEPUTADO ESTADUAL,SOLIDARIEDADE,SOLIDARIEDADE,FEDERAÇÃO,FEDERAÇÃO RENOVAÇÃO SOLIDÁRIA(25-PRD/77-SOLIDARIEDADE),#NULO,#NE,FEMININO,SUPERIOR COMPLETO,BRANCA,SP,SP,SÃO PAULO
250002534131,ALEXANDRE SANT ANNA,PROF. ALEXANDRE SANT ANNA,#NULO,77077,DEPUTADO ESTADUAL,SOLIDARIEDADE,SOLIDARIEDADE,FEDERAÇÃO,FEDERAÇÃO RENOVAÇÃO SOLIDÁRIA(25-PRD/77-SOLIDARIEDADE),#NULO,#NE,MASCULINO,SUPERIOR COMPLETO,PRETA,SP,SP,SÃO PAULO
250002534147,REGINA DE MATOS COELHO NOGUEIRA,REGINA MATOS,#NULO,77770,DEPUTADO ESTADUAL,SOLIDARIEDADE,SOLIDARIEDADE,FEDERAÇÃO,FEDERAÇÃO RENOVAÇÃO SOLIDÁRIA(25-PRD/77-SOLIDARIEDADE),#NULO,#NE,FEMININO,ENSINO MÉDIO COMPLETO,PARDA,SP,SP,SÃO PAULO
250002534137,REINALDO ANTONIO MEIRA,REINALDO MEIRA,#NULO,77656,DEPUTADO ESTADUAL,SOLIDARIEDADE,SOLIDARIEDADE,FEDERAÇÃO,FEDERAÇÃO RENOVAÇÃO SOLIDÁRIA(25-PRD/77-SOLIDARIEDADE),#NULO,#NE,MASCULINO,ENSINO MÉDIO COMPLETO,BRANCA,SP,SP,SÃO PAULO
250002534126,JOSÉ ROBERTO SANTIAGO,ROBERTO SANTIAGO,#NULO,77500,DEPUTADO ESTADUAL,SOLIDARIEDADE,SOLIDARIEDADE,FEDERAÇÃO,FEDERAÇÃO RENOVAÇÃO SOLIDÁRIA(25-PRD/77-SOLIDARIEDADE),#NULO,#NE,MASCULINO,ENSINO MÉDIO COMPLETO,PRETA,SP,SP,SÃO PAULO
250002534146,RODRIGO CARLOS DE MORAIS,RODRIGO DE MORAIS,#NULO,77988,DEPUTADO ESTADUAL,SOLIDARIEDADE,SOLIDARIEDADE,FEDERAÇÃO,FEDERAÇÃO RENOVAÇÃO SOLIDÁRIA(25-PRD/77-SOLIDARIEDADE),#NULO,#NE,MASCULINO,SUPERIOR COMPLETO,PRETA,SP,SP,SÃO PAULO
250002534165,RUBENS FERNANDES DA SILVA,RUBÃO FERNANDES,#NULO,77775,DEPUTADO ESTADUAL,SOLIDARIEDADE,SOLIDARIEDADE,FEDERAÇÃO,FEDERAÇÃO RENOVAÇÃO SOLIDÁRIA(25-PRD/77-SOLIDARIEDADE),#NULO,#NE,MASCULINO,SUPERIOR COMPLETO,PARDA,SP,SP,SÃO PAULO
250002534186,SANDRA APARECIDA MADEU IDA,SANDRA MADEU,#NULO,77123,DEPUTADO ESTADUAL,SOLIDARIEDADE,SOLIDARIEDADE,FEDERAÇÃO,FEDERAÇÃO RENOVAÇÃO SOLIDÁRIA(25-PRD/77-SOLIDARIEDADE),#NULO,#NE,FEMININO,SUPERIOR COMPLETO,BRANCA,SP,SP,SÃO PAULO
250002534174,SANDRA VALÉRIA CURTI,SANDRA VALÉRIA PROTETORA,#NULO,77017,DEPUTADO ESTADUAL,SOLIDARIEDADE,SOLIDARIEDADE,FEDERAÇÃO,FEDERAÇÃO RENOVAÇÃO SOLIDÁRIA(25-PRD/77-SOLIDARIEDADE),#NULO,#NE,FEMININO,ENSINO MÉDIO COMPLETO,BRANCA,SP,SP,SÃO PAULO
250002534181,EVERTON DE OLIVEIRA ADORNO,TOM ADORNO,#NULO,77888,DEPUTADO ESTADUAL,SOLIDARIEDADE,SOLIDARIEDADE,FEDERAÇÃO,FEDERAÇÃO RENOVAÇÃO SOLIDÁRIA(25-PRD/77-SOLIDARIEDADE),#NULO,#NE,MASCULINO,SUPERIOR COMPLETO,PARDA,SP,SP,SÃO PAULO
250002534151,VAGNER DOS SANTOS BELLINI,VAGNER BELLINI,#NULO,77677,DEPUTADO ESTADUAL,SOLIDARIEDADE,SOLIDARIEDADE,FEDERAÇÃO,FEDERAÇÃO RENOVAÇÃO SOLIDÁRIA(25-PRD/77-SOLIDARIEDADE),#NULO,#NE,MASCULINO,SUPERIOR COMPLETO,BRANCA,SP,SP,SÃO PAULO
250002534150,VALDIR DE ALVARENGA,VALDIR ALVARENGA,#NULO,77600,DEPUTADO ESTADUAL,SOLIDARIEDADE,SOLIDARIEDADE,FEDERAÇÃO,FEDERAÇÃO RENOVAÇÃO SOLIDÁRIA(25-PRD/77-SOLIDARIEDADE),#NULO,#NE,MASCULINO,SUPERIOR COMPLETO,BRANCA,SP,SP,SÃO PAULO
250002534170,VANESSA MADALENA DA COSTA FORTES,VANESSA FORTES,#NULO,77191,DEPUTADO ESTADUAL,SOLIDARIEDADE,SOLIDARIEDADE,FEDERAÇÃO,FEDERAÇÃO RENOVAÇÃO SOLIDÁRIA(25-PRD/77-SOLIDARIEDADE),#NULO,#NE,FEMININO,SUPERIOR COMPLETO,BRANCA,SP,SP,SÃO PAULO
250002534134,WALDIR JOSE SCHIAVON JUNIOR,WALDIR FILÉ,#NULO,77777,DEPUTADO ESTADUAL,SOLIDARIEDADE,SOLIDARIEDADE,FEDERAÇÃO,FEDERAÇÃO RENOVAÇÃO SOLIDÁRIA(25-PRD/77-SOLIDARIEDADE),#NULO,#NE,MASCULINO,SUPERIOR COMPLETO,BRANCA,SP,SP,SÃO PAULO
250002534166,WALMIR JOSE PEREIRA JUNIOR,WALMIR CHAVEIRO,#NULO,77001,DEPUTADO ESTADUAL,SOLIDARIEDADE,SOLIDARIEDADE,FEDERAÇÃO,FEDERAÇÃO RENOVAÇÃO SOLIDÁRIA(25-PRD/77-SOLIDARIEDADE),#NULO,#NE,MASCULINO,ENSINO MÉDIO COMPLETO,BRANCA,SP,SP,SÃO PAULO
250002533747,ALESSANDRO FAUSTINO MARTINS,ALESSANDRO MARTINS,#NULO,44500,DEPUTADO ESTADUAL,UNIÃO,UNIÃO BRASIL,FEDERAÇÃO,FEDERAÇÃO UNIÃO PROGRESSISTA(44-UNIÃO/11-PP),#NULO,#NE,MASCULINO,ENSINO MÉDIO COMPLETO,BRANCA,SP,SP,SÃO PAULO
250002533761,ALEXANDRE LEITE DA SILVA,ALEXANDRE LEITE,#NULO,44250,DEPUTADO ESTADUAL,UNIÃO,UNIÃO BRASIL,FEDERAÇÃO,FEDERAÇÃO UNIÃO PROGRESSISTA(44-UNIÃO/11-PP),#NULO,#NE,MASCULINO,SUPERIOR COMPLETO,PARDA,SP,SP,SÃO PAULO
250002533788,ALTOBELI SANTOS DA SILVA,ALTOBELI SILVA,#NULO,44023,DEPUTADO ESTADUAL,UNIÃO,UNIÃO BRASIL,FEDERAÇÃO,FEDERAÇÃO UNIÃO PROGRESSISTA(44-UNIÃO/11-PP),#NULO,#NE,MASCULINO,ENSINO MÉDIO COMPLETO,PARDA,SP,SP,SÃO PAULO
250002533779,MARIA ALZAIR GUIMARAES,ALZAIR DA SAÚDE,#NULO,44456,DEPUTADO ESTADUAL,UNIÃO,UNIÃO BRASIL,FEDERAÇÃO,FEDERAÇÃO UNIÃO PROGRESSISTA(44-UNIÃO/11-PP),#NULO,#NE,FEMININO,SUPERIOR COMPLETO,BRANCA,SP,SP,SÃO PAULO
250002533745,ANDRE RUBENS TRINDADE,ANDRÉ TRINDADE,#NULO,44016,DEPUTADO ESTADUAL,UNIÃO,UNIÃO BRASIL,FEDERAÇÃO,FEDERAÇÃO UNIÃO PROGRESSISTA(44-UNIÃO/11-PP),#NULO,#NE,MASCULINO,ENSINO MÉDIO COMPLETO,BRANCA,SP,SP,SÃO PAULO
250002533748,CAMILA GODOI DA SILVA RODRIGUES,CAMILA GODOI,#NULO,44123,DEPUTADO ESTADUAL,UNIÃO,UNIÃO BRASIL,FEDERAÇÃO,FEDERAÇÃO UNIÃO PROGRESSISTA(44-UNIÃO/11-PP),#NULO,#NE,FEMININO,SUPERIOR COMPLETO,BRANCA,SP,SP,SÃO PAULO
250002533732,CARLA ELAINE DA SILVA PRATA,CARLA PRATA,#NULO,44200,DEPUTADO ESTADUAL,UNIÃO,UNIÃO BRASIL,FEDERAÇÃO,FEDERAÇÃO UNIÃO PROGRESSISTA(44-UNIÃO/11-PP),#NULO,#NE,FEMININO,ENSINO MÉDIO COMPLETO,BRANCA,SP,SP,SÃO PAULO
250002533752,CASSIANO PELEGRINI DE SOUZA,CASSIANO PELEGRINI,#NULO,44156,DEPUTADO ESTADUAL,UNIÃO,UNIÃO BRASIL,FEDERAÇÃO,FEDERAÇÃO UNIÃO PROGRESSISTA(44-UNIÃO/11-PP),#NULO,#NE,MASCULINO,SUPERIOR COMPLETO,BRANCA,SP,SP,SÃO PAULO
250002533756,DANIEL BEZERRA RIBEIRO SOARES,DANIEL SOARES,#NULO,44111,DEPUTADO ESTADUAL,UNIÃO,UNIÃO BRASIL,FEDERAÇÃO,FEDERAÇÃO UNIÃO PROGRESSISTA(44-UNIÃO/11-PP),#NULO,#NE,MASCULINO,SUPERIOR COMPLETO,BRANCA,SP,SP,SÃO PAULO
250002533793,DÉCIO MARMIROLLI,DECIO MARMIROLLI,#NULO,44678,DEPUTADO ESTADUAL,UNIÃO,UNIÃO BRASIL,FEDERAÇÃO,FEDERAÇÃO UNIÃO PROGRESSISTA(44-UNIÃO/11-PP),#NULO,#NE,MASCULINO,ENSINO MÉDIO COMPLETO,BRANCA,SP,SP,SÃO PAULO
250002533742,LILIANE LOPES DORETTO,DELEGADA LILIANE DORETTO,#NULO,44566,DEPUTADO ESTADUAL,UNIÃO,UNIÃO BRASIL,FEDERAÇÃO,FEDERAÇÃO UNIÃO PROGRESSISTA(44-UNIÃO/11-PP),#NULO,#NE,FEMININO,SUPERIOR COMPLETO,BRANCA,SP,SP,SÃO PAULO
250002533743,MARIA APARECIDA REZENDE CORSATO,DELEGADA MARIA CORSATO,#NULO,44004,DEPUTADO ESTADUAL,UNIÃO,UNIÃO BRASIL,FEDERAÇÃO,FEDERAÇÃO UNIÃO PROGRESSISTA(44-UNIÃO/11-PP),#NULO,#NE,FEMININO,SUPERIOR COMPLETO,BRANCA,SP,SP,SÃO PAULO
250002533777,DIOGO MOURA DOS SANTOS,DIOGO FAIXA AZUL,#NULO,44056,DEPUTADO ESTADUAL,UNIÃO,UNIÃO BRASIL,FEDERAÇÃO,FEDERAÇÃO UNIÃO PROGRESSISTA(44-UNIÃO/11-PP),#NULO,#NE,MASCULINO,SUPERIOR COMPLETO,PRETA,SP,SP,SÃO PAULO
250002533809,DOUGLAS GARCIA BISPO DOS SANTOS,DOUGLAS GARCIA,#NULO,44555,DEPUTADO ESTADUAL,UNIÃO,UNIÃO BRASIL,FEDERAÇÃO,FEDERAÇÃO UNIÃO PROGRESSISTA(44-UNIÃO/11-PP),#NULO,#NE,MASCULINO,ENSINO MÉDIO COMPLETO,PRETA,SP,SP,SÃO PAULO
250002533813,ELISSANDRO MARCIO SILVA LINDOSO,DR. MÁRCIO LINDOSO,#NULO,44777,DEPUTADO ESTADUAL,UNIÃO,UNIÃO BRASIL,FEDERAÇÃO,FEDERAÇÃO UNIÃO PROGRESSISTA(44-UNIÃO/11-PP),#NULO,#NE,MASCULINO,SUPERIOR COMPLETO,PARDA,SP,SP,SÃO PAULO
250002533801,SAULO TEIXEIRA ALBERTO DA COSTA,DR. SAULO,#NULO,44445,DEPUTADO ESTADUAL,UNIÃO,UNIÃO BRASIL,FEDERAÇÃO,FEDERAÇÃO UNIÃO PROGRESSISTA(44-UNIÃO/11-PP),#NULO,#NE,MASCULINO,SUPERIOR COMPLETO,BRANCA,SP,SP,SÃO PAULO
250002533734,DULCE RITA CHAVES DE ANDRADE DABKIWICZ,DULCE RITA,#NULO,44400,DEPUTADO ESTADUAL,UNIÃO,UNIÃO BRASIL,FEDERAÇÃO,FEDERAÇÃO UNIÃO PROGRESSISTA(44-UNIÃO/11-PP),#NULO,#NE,FEMININO,SUPERIOR COMPLETO,BRANCA,SP,SP,SÃO PAULO
250002533782,EDICARLOS VIEIRA,EDICARLOS VIEIRA,#NULO,44333,DEPUTADO ESTADUAL,UNIÃO,UNIÃO BRASIL,FEDERAÇÃO,FEDERAÇÃO UNIÃO PROGRESSISTA(44-UNIÃO/11-PP),#NULO,#NE,MASCULINO,SUPERIOR COMPLETO,BRANCA,SP,SP,SÃO PAULO
250002533784,EDILENE MARTINS LURA,EDILENE LURA,#NULO,44466,DEPUTADO ESTADUAL,UNIÃO,UNIÃO BRASIL,FEDERAÇÃO,FEDERAÇÃO UNIÃO PROGRESSISTA(44-UNIÃO/11-PP),#NULO,#NE,FEMININO,SUPERIOR COMPLETO,PARDA,SP,SP,SÃO PAULO
250002533735,EDSON DE OLIVEIRA GIRIBONI,EDSON GIRIBONI,#NULO,44001,DEPUTADO ESTADUAL,UNIÃO,UNIÃO BRASIL,FEDERAÇÃO,FEDERAÇÃO UNIÃO PROGRESSISTA(44-UNIÃO/11-PP),#NULO,#NE,MASCULINO,SUPERIOR COMPLETO,BRANCA,SP,SP,SÃO PAULO
250002533755,WAGNER ALBINO BATISTA,ENFERMEIRO WAGNER BATISTA,#NULO,44240,DEPUTADO ESTADUAL,UNIÃO,UNIÃO BRASIL,FEDERAÇÃO,FEDERAÇÃO UNIÃO PROGRESSISTA(44-UNIÃO/11-PP),#NULO,#NE,MASCULINO,SUPERIOR COMPLETO,PRETA,SP,SP,SÃO PAULO
250002533759,FELIPE SOUZA MURAKAMI DE FRANCO,FELIPE FRANCO,#NULO,44007,DEPUTADO ESTADUAL,UNIÃO,UNIÃO BRASIL,FEDERAÇÃO,FEDERAÇÃO UNIÃO PROGRESSISTA(44-UNIÃO/11-PP),#NULO,#NE,MASCULINO,SUPERIOR COMPLETO,BRANCA,SP,SP,SÃO PAULO
250002533754,ROBSON LIEBETANZ DZELVE CALABIANQUI JUNIOR,FUINHA ROBSON CALABIANQUI,#NULO,44011,DEPUTADO ESTADUAL,UNIÃO,UNIÃO BRASIL,FEDERAÇÃO,FEDERAÇÃO UNIÃO PROGRESSISTA(44-UNIÃO/11-PP),#NULO,#NE,MASCULINO,ENSINO MÉDIO COMPLETO,BRANCA,SP,SP,SÃO PAULO
250002533783,GIRLEI APARECIDA OLIVEIRA MARCONI,GIRLEI MARCONI,#NULO,44422,DEPUTADO ESTADUAL,UNIÃO,UNIÃO BRASIL,FEDERAÇÃO,FEDERAÇÃO UNIÃO PROGRESSISTA(44-UNIÃO/11-PP),#NULO,#NE,FEMININO,SUPERIOR COMPLETO,PRETA,SP,SP,SÃO PAULO
250002533812,GUILHERME MARQUES PUGLIESE,GUILHERME PUGLIESE,#NULO,44100,DEPUTADO ESTADUAL,UNIÃO,UNIÃO BRASIL,FEDERAÇÃO,FEDERAÇÃO UNIÃO PROGRESSISTA(44-UNIÃO/11-PP),#NULO,#NE,MASCULINO,SUPERIOR COMPLETO,BRANCA,SP,SP,SÃO PAULO
250002533792,JOÃO DONIZETI SILVESTRE,JOÃO DONIZETI LÍDER DO MANGA,#NULO,44010,DEPUTADO ESTADUAL,UNIÃO,UNIÃO BRASIL,FEDERAÇÃO,FEDERAÇÃO UNIÃO PROGRESSISTA(44-UNIÃO/11-PP),#NULO,#NE,MASCULINO,SUPERIOR COMPLETO,BRANCA,SP,SP,SÃO PAULO
250002533739,LEANDRO HENRIQUE GONCALVES CESAR,LEANDRO CESAR,#NULO,44012,DEPUTADO ESTADUAL,UNIÃO,UNIÃO BRASIL,FEDERAÇÃO,FEDERAÇÃO UNIÃO PROGRESSISTA(44-UNIÃO/11-PP),#NULO,#NE,MASCULINO,SUPERIOR COMPLETO,BRANCA,SP,SP,SÃO PAULO
250002533810,LIBERATO ROCHA CALDEIRA,LIBERATO,#NULO,44523,DEPUTADO ESTADUAL,UNIÃO,UNIÃO BRASIL,FEDERAÇÃO,FEDERAÇÃO UNIÃO PROGRESSISTA(44-UNIÃO/11-PP),#NULO,#NE,MASCULINO,SUPERIOR COMPLETO,BRANCA,SP,SP,SÃO PAULO
250002533786,MARIA ELISA MARTINS PEREIRA LAGAZZI NASSER,LISA DO MEIO AMBIENTE,#NULO,44019,DEPUTADO ESTADUAL,UNIÃO,UNIÃO BRASIL,FEDERAÇÃO,FEDERAÇÃO UNIÃO PROGRESSISTA(44-UNIÃO/11-PP),#NULO,#NE,FEMININO,SUPERIOR COMPLETO,BRANCA,SP,SP,SÃO PAULO
250002533811,LUCIANA LUCINIO LIPPI,LUCIANA LIPPI,#NULO,44300,DEPUTADO ESTADUAL,UNIÃO,UNIÃO BRASIL,FEDERAÇÃO,FEDERAÇÃO UNIÃO PROGRESSISTA(44-UNIÃO/11-PP),#NULO,#NE,FEMININO,SUPERIOR COMPLETO,BRANCA,SP,SP,SÃO PAULO
250002533780,ADEMAR FRANCISCO MARTINS NETO,MAJOR NETO,#NULO,44193,DEPUTADO ESTADUAL,UNIÃO,UNIÃO BRASIL,FEDERAÇÃO,FEDERAÇÃO UNIÃO PROGRESSISTA(44-UNIÃO/11-PP),#NULO,#NE,MASCULINO,SUPERIOR COMPLETO,PARDA,SP,SP,SÃO PAULO
250002533760,MALCON ROBERT MAZZUCATTO,MALCON MAZZUCATTO,#NULO,44222,DEPUTADO ESTADUAL,UNIÃO,UNIÃO BRASIL,FEDERAÇÃO,FEDERAÇÃO UNIÃO PROGRESSISTA(44-UNIÃO/11-PP),#NULO,#NE,MASCULINO,SUPERIOR COMPLETO,BRANCA,SP,SP,SÃO PAULO
250002533808,MARLON FARIAS DA LUZ,MARLON LUZ,#NULO,44567,DEPUTADO ESTADUAL,UNIÃO,UNIÃO BRASIL,FEDERAÇÃO,FEDERAÇÃO UNIÃO PROGRESSISTA(44-UNIÃO/11-PP),#NULO,#NE,MASCULINO,SUPERIOR COMPLETO,BRANCA,SP,SP,SÃO PAULO
250002533736,MARCIA REBESCHINI PATELLA DA SILVA,MÁRCIA REBESCHINI,#NULO,44190,DEPUTADO ESTADUAL,UNIÃO,UNIÃO BRASIL,FEDERAÇÃO,FEDERAÇÃO UNIÃO PROGRESSISTA(44-UNIÃO/11-PP),#NULO,#NE,FEMININO,SUPERIOR COMPLETO,BRANCA,SP,SP,SÃO PAULO
250002533764,MÔNICA FRANCIELI CURY SANCHES JARILLO,MÔNICA CURY,#NULO,44220,DEPUTADO ESTADUAL,UNIÃO,UNIÃO BRASIL,FEDERAÇÃO,FEDERAÇÃO UNIÃO PROGRESSISTA(44-UNIÃO/11-PP),#NULO,#NE,FEMININO,SUPERIOR COMPLETO,BRANCA,SP,SP,SÃO PAULO
250002533731,ADILSON DE SOUZA BRANDÃO,PR ADILSON BRANDÃO,#NULO,44744,DEPUTADO ESTADUAL,UNIÃO,UNIÃO BRASIL,FEDERAÇÃO,FEDERAÇÃO UNIÃO PROGRESSISTA(44-UNIÃO/11-PP),#NULO,#NE,MASCULINO,ENSINO MÉDIO COMPLETO,BRANCA,SP,SP,SÃO PAULO
250002533733,LUIZ ANTONIO TOZI,PROF TOZI,#NULO,44447,DEPUTADO ESTADUAL,UNIÃO,UNIÃO BRASIL,FEDERAÇÃO,FEDERAÇÃO UNIÃO PROGRESSISTA(44-UNIÃO/11-PP),#NULO,#NE,MASCULINO,SUPERIOR COMPLETO,BRANCA,SP,SP,SÃO PAULO
250002533787,ROSANGELA MARIA LOPES,PROFESSORA RÔ LOPES,#NULO,44321,DEPUTADO ESTADUAL,UNIÃO,UNIÃO BRASIL,FEDERAÇÃO,FEDERAÇÃO UNIÃO PROGRESSISTA(44-UNIÃO/11-PP),#NULO,#NE,FEMININO,SUPERIOR COMPLETO,BRANCA,SP,SP,SÃO PAULO
250002533750,RAFAEL FERNANDO ZIMBALDI,RAFA ZIMBALDI,#NULO,44000,DEPUTADO ESTADUAL,UNIÃO,UNIÃO BRASIL,FEDERAÇÃO,FEDERAÇÃO UNIÃO PROGRESSISTA(44-UNIÃO/11-PP),#NULO,#NE,MASCULINO,SUPERIOR COMPLETO,BRANCA,SP,SP,SÃO PAULO
250002533758,RAFAEL SARAIVA GAIA,RAFAEL SARAIVA,#NULO,44077,DEPUTADO ESTADUAL,UNIÃO,UNIÃO BRASIL,FEDERAÇÃO,FEDERAÇÃO UNIÃO PROGRESSISTA(44-UNIÃO/11-PP),#NULO,#NE,MASCULINO,SUPERIOR COMPLETO,BRANCA,SP,SP,SÃO PAULO
250002533751,RODRIGO JALLOUL,SHEIK RODRIGO JALLOUL,#NULO,44248,DEPUTADO ESTADUAL,UNIÃO,UNIÃO BRASIL,FEDERAÇÃO,FEDERAÇÃO UNIÃO PROGRESSISTA(44-UNIÃO/11-PP),#NULO,#NE,MASCULINO,ENSINO MÉDIO COMPLETO,BRANCA,SP,SP,SÃO PAULO
250002533798,SOLANGE CRISTINA DE FREITAS,SOLANGE FREITAS,#NULO,44044,DEPUTADO ESTADUAL,UNIÃO,UNIÃO BRASIL,FEDERAÇÃO,FEDERAÇÃO UNIÃO PROGRESSISTA(44-UNIÃO/11-PP),#NULO,#NE,FEMININO,SUPERIOR COMPLETO,BRANCA,SP,SP,SÃO PAULO
250002533806,ANTONIO CARLOS DA SILVA,TONINHO MITTRAS,#NULO,44888,DEPUTADO ESTADUAL,UNIÃO,UNIÃO BRASIL,FEDERAÇÃO,FEDERAÇÃO UNIÃO PROGRESSISTA(44-UNIÃO/11-PP),#NULO,#NE,MASCULINO,SUPERIOR COMPLETO,PARDA,SP,SP,SÃO PAULO
250002533791,VANDERLEI CESAR DE ASSIS,VANDERLEI ASSIS,#NULO,44789,DEPUTADO ESTADUAL,UNIÃO,UNIÃO BRASIL,FEDERAÇÃO,FEDERAÇÃO UNIÃO PROGRESSISTA(44-UNIÃO/11-PP),#NULO,#NE,MASCULINO,SUPERIOR COMPLETO,PARDA,SP,SP,SÃO PAULO
250002533635,ADA HENRIQUE XAVIER,ADA XAVIER,#NULO,1575,DEPUTADO FEDERAL,MDB,MOVIMENTO DEMOCRÁTICO BRASILEIRO,PARTIDO ISOLADO,MDB,#NULO,#NE,FEMININO,ENSINO MÉDIO INCOMPLETO,PARDA,SP,SP,SÃO PAULO
250002533672,ALEXANDRE LUIZ TONETTI,ALEXANDRE TONETTI,#NULO,1577,DEPUTADO FEDERAL,MDB,MOVIMENTO DEMOCRÁTICO BRASILEIRO,PARTIDO ISOLADO,MDB,#NULO,#NE,MASCULINO,SUPERIOR COMPLETO,BRANCA,SP,SP,SÃO PAULO
250002533646,AMANDA SANTOS DA SILVA,AMANDA SANTOS,#NULO,1552,DEPUTADO FEDERAL,MDB,MOVIMENTO DEMOCRÁTICO BRASILEIRO,PARTIDO ISOLADO,MDB,#NULO,#NE,FEMININO,SUPERIOR COMPLETO,PARDA,SP,SP,SÃO PAULO
250002533607,JOSEFA ANADETE DOS SANTOS SILVA,ANADETHY,#NULO,1517,DEPUTADO FEDERAL,MDB,MOVIMENTO DEMOCRÁTICO BRASILEIRO,PARTIDO ISOLADO,MDB,#NULO,#NE,FEMININO,SUPERIOR COMPLETO,PARDA,SP,SP,SÃO PAULO
250002533621,ANDRE LUIS PEIXOTO PIROVANI,ANDRE PIROVANI,#NULO,1504,DEPUTADO FEDERAL,MDB,MOVIMENTO DEMOCRÁTICO BRASILEIRO,PARTIDO ISOLADO,MDB,#NULO,#NE,MASCULINO,ENSINO FUNDAMENTAL INCOMPLETO,PARDA,SP,SP,SÃO PAULO
250002533622,ANDRÉ DE JESUS SANTOS,ANDRE SANTOS,#NULO,1562,DEPUTADO FEDERAL,MDB,MOVIMENTO DEMOCRÁTICO BRASILEIRO,PARTIDO ISOLADO,MDB,#NULO,#NE,MASCULINO,ENSINO MÉDIO COMPLETO,PARDA,SP,SP,SÃO PAULO
250002533658,ARMANDO FERREIRO RODRIGUES,ARMANDINHO FERREIRO,#NULO,1570,DEPUTADO FEDERAL,MDB,MOVIMENTO DEMOCRÁTICO BRASILEIRO,PARTIDO ISOLADO,MDB,#NULO,#NE,MASCULINO,SUPERIOR COMPLETO,PARDA,SP,SP,SÃO PAULO
250002533647,LUIZ FELIPE BALEIA TENUTO ROSSI,BALEIA ROSSI,#NULO,1515,DEPUTADO FEDERAL,MDB,MOVIMENTO DEMOCRÁTICO BRASILEIRO,PARTIDO ISOLADO,MDB,#NULO,#NE,MASCULINO,SUPERIOR COMPLETO,BRANCA,SP,SP,SÃO PAULO
250002533662,BRUNO ARAUJO COSTA,BRUNO COSTA,#NULO,1581,DEPUTADO FEDERAL,MDB,MOVIMENTO DEMOCRÁTICO BRASILEIRO,PARTIDO ISOLADO,MDB,#NULO,#NE,MASCULINO,SUPERIOR COMPLETO,BRANCA,SP,SP,SÃO PAULO
250002533608,FRANCISCO TELMO CAMELO,CABO TELMO,#NULO,1598,DEPUTADO FEDERAL,MDB,MOVIMENTO DEMOCRÁTICO BRASILEIRO,PARTIDO ISOLADO,MDB,#NULO,#NE,MASCULINO,SUPERIOR COMPLETO,PARDA,SP,SP,SÃO PAULO
250002533670,GUILHERME LAZO SOLANO NETO,CAPITÃO SOLANO,#NULO,1505,DEPUTADO FEDERAL,MDB,MOVIMENTO DEMOCRÁTICO BRASILEIRO,PARTIDO ISOLADO,MDB,#NULO,#NE,MASCULINO,SUPERIOR COMPLETO,BRANCA,SP,SP,SÃO PAULO
250002533613,CASSIO ELMO GONÇALVES GALLO,CASSIO GALLO,#NULO,1551,DEPUTADO FEDERAL,MDB,MOVIMENTO DEMOCRÁTICO BRASILEIRO,PARTIDO ISOLADO,MDB,#NULO,#NE,MASCULINO,SUPERIOR COMPLETO,BRANCA,SP,SP,SÃO PAULO
250002533648,CRISTINA DA COSTA BARROS,CRISTINA BARROS,#NULO,1578,DEPUTADO FEDERAL,MDB,MOVIMENTO DEMOCRÁTICO BRASILEIRO,PARTIDO ISOLADO,MDB,#NULO,#NE,FEMININO,SUPERIOR COMPLETO,BRANCA,SP,SP,SÃO PAULO
250002533630,CYNTHIA DIAS MILHIM FERREIRA,CYNTHIA MILHIM,#NULO,1534,DEPUTADO FEDERAL,MDB,MOVIMENTO DEMOCRÁTICO BRASILEIRO,PARTIDO ISOLADO,MDB,#NULO,#NE,FEMININO,SUPERIOR COMPLETO,BRANCA,SP,SP,SÃO PAULO
250002533663,DANIEL NEVES DE FARIA,DANIEL DA ORPAS,#NULO,1516,DEPUTADO FEDERAL,MDB,MOVIMENTO DEMOCRÁTICO BRASILEIRO,PARTIDO ISOLADO,MDB,#NULO,#NE,MASCULINO,SUPERIOR COMPLETO,PRETA,SP,SP,SÃO PAULO
250002533637,DENIS EDUARDO ANDIA,DENIS ANDIA,#NULO,1540,DEPUTADO FEDERAL,MDB,MOVIMENTO DEMOCRÁTICO BRASILEIRO,PARTIDO ISOLADO,MDB,#NULO,#NE,MASCULINO,SUPERIOR COMPLETO,BRANCA,SP,SP,SÃO PAULO
250002533649,VALQUIRIA NASCIMENTO DOS SANTOS DONELLA,DONA VAL,#NULO,1559,DEPUTADO FEDERAL,MDB,MOVIMENTO DEMOCRÁTICO BRASILEIRO,PARTIDO ISOLADO,MDB,#NULO,#NE,FEMININO,ENSINO MÉDIO COMPLETO,PRETA,SP,SP,SÃO PAULO
250002533657,GLEDSON DOUGLAS SIQUEIRA CAVALCANTE,DOUGLAS CAVALCANTE,#NULO,1511,DEPUTADO FEDERAL,MDB,MOVIMENTO DEMOCRÁTICO BRASILEIRO,PARTIDO ISOLADO,MDB,#NULO,#NE,MASCULINO,SUPERIOR COMPLETO,PARDA,SP,SP,SÃO PAULO
250002533620,RICARDO YOSHIO,DR RICARDO YOSHIO,#NULO,1530,DEPUTADO FEDERAL,MDB,MOVIMENTO DEMOCRÁTICO BRASILEIRO,PARTIDO ISOLADO,MDB,#NULO,#NE,MASCULINO,SUPERIOR COMPLETO,BRANCA,SP,SP,SÃO PAULO
250002533633,BRUNA CAROLINE ITUASSU,DRA BRUNA ITUASSU,#NULO,1584,DEPUTADO FEDERAL,MDB,MOVIMENTO DEMOCRÁTICO BRASILEIRO,PARTIDO ISOLADO,MDB,#NULO,#NE,FEMININO,SUPERIOR COMPLETO,BRANCA,SP,SP,SÃO PAULO
250002533611,KETLEN EVELIN SILVA VIEIRA,DRA KETLEN VIEIRA,#NULO,1512,DEPUTADO FEDERAL,MDB,MOVIMENTO DEMOCRÁTICO BRASILEIRO,PARTIDO ISOLADO,MDB,#NULO,#NE,FEMININO,SUPERIOR COMPLETO,BRANCA,SP,SP,SÃO PAULO
250002533644,PATRICIA ALMEIDA SILVESTRI,DRA PATRICIA SILVESTRI,#NULO,1595,DEPUTADO FEDERAL,MDB,MOVIMENTO DEMOCRÁTICO BRASILEIRO,PARTIDO ISOLADO,MDB,#NULO,#NE,FEMININO,SUPERIOR COMPLETO,PARDA,SP,SP,SÃO PAULO
250002533639,NANCI BASTOS DE OLIVEIRA MARTIN,DRA. NANCI,#NULO,1519,DEPUTADO FEDERAL,MDB,MOVIMENTO DEMOCRÁTICO BRASILEIRO,PARTIDO ISOLADO,MDB,#NULO,#NE,FEMININO,SUPERIOR COMPLETO,BRANCA,SP,SP,SÃO PAULO
250002533667,EDUARDO LIMA DE SOUZA,DUDA AMASP,#NULO,1589,DEPUTADO FEDERAL,MDB,MOVIMENTO DEMOCRÁTICO BRASILEIRO,PARTIDO ISOLADO,MDB,#NULO,#NE,MASCULINO,ENSINO MÉDIO COMPLETO,BRANCA,SP,SP,SÃO PAULO
250002533618,ELEAZAR MUNIZ JUNIOR,ELEAZAR MUNIZ,#NULO,1579,DEPUTADO FEDERAL,MDB,MOVIMENTO DEMOCRÁTICO BRASILEIRO,PARTIDO ISOLADO,MDB,#NULO,#NE,MASCULINO,SUPERIOR COMPLETO,PRETA,SP,SP,SÃO PAULO
250002533645,ELIS REGINA VIEIRA RUANO,ELIS REGINA,#NULO,1506,DEPUTADO FEDERAL,MDB,MOVIMENTO DEMOCRÁTICO BRASILEIRO,PARTIDO ISOLADO,MDB,#NULO,#NE,FEMININO,SUPERIOR COMPLETO,BRANCA,SP,SP,SÃO PAULO
250002533666,ENRICO VAN BLARCUM DE GRAAFF MISASI,ENRICO MISASI,#NULO,1536,DEPUTADO FEDERAL,MDB,MOVIMENTO DEMOCRÁTICO BRASILEIRO,PARTIDO ISOLADO,MDB,#NULO,#NE,MASCULINO,SUPERIOR COMPLETO,BRANCA,SP,SP,SÃO PAULO
250002533665,ERNESTO TEIXEIRA DA CUNHA,ERNESTO TEIXEIRA,#NULO,1583,DEPUTADO FEDERAL,MDB,MOVIMENTO DEMOCRÁTICO BRASILEIRO,PARTIDO ISOLADO,MDB,#NULO,#NE,MASCULINO,SUPERIOR COMPLETO,BRANCA,SP,SP,SÃO PAULO
250002533638,FABIO EDUARDO DE OLIVEIRA TERUEL,FABIO TERUEL,#NULO,1580,DEPUTADO FEDERAL,MDB,MOVIMENTO DEMOCRÁTICO BRASILEIRO,PARTIDO ISOLADO,MDB,#NULO,#NE,MASCULINO,SUPERIOR COMPLETO,BRANCA,SP,SP,SÃO PAULO
250002533669,FERNANDO GURJÃO LOPES,FERNANDO RED DOG,#NULO,1528,DEPUTADO FEDERAL,MDB,MOVIMENTO DEMOCRÁTICO BRASILEIRO,PARTIDO ISOLADO,MDB,#NULO,#NE,MASCULINO,SUPERIOR COMPLETO,BRANCA,SP,SP,SÃO PAULO
250002533641,ALEXANDRE SILVEIRA FINAZZI,FINAZZI,#NULO,1558,DEPUTADO FEDERAL,MDB,MOVIMENTO DEMOCRÁTICO BRASILEIRO,PARTIDO ISOLADO,MDB,#NULO,#NE,MASCULINO,SUPERIOR INCOMPLETO,BRANCA,SP,SP,SÃO PAULO
250002533631,FLAVIO AUGUSTO DA SILVA,FLAVINHO,#NULO,1537,DEPUTADO FEDERAL,MDB,MOVIMENTO DEMOCRÁTICO BRASILEIRO,PARTIDO ISOLADO,MDB,#NULO,#NE,MASCULINO,ENSINO FUNDAMENTAL COMPLETO,BRANCA,SP,SP,SÃO PAULO
250002533650,GIULIANE NERI DOS SANTOS,GIULIANE NERI,#NULO,1564,DEPUTADO FEDERAL,MDB,MOVIMENTO DEMOCRÁTICO BRASILEIRO,PARTIDO ISOLADO,MDB,#NULO,#NE,FEMININO,SUPERIOR INCOMPLETO,BRANCA,SP,SP,SÃO PAULO
250002533668,GUILHERME TORRIGO PALLESI,GUIPA,#NULO,1508,DEPUTADO FEDERAL,MDB,MOVIMENTO DEMOCRÁTICO BRASILEIRO,PARTIDO ISOLADO,MDB,#NULO,#NE,MASCULINO,SUPERIOR COMPLETO,BRANCA,SP,SP,SÃO PAULO
250002533632,HUGO ROCHA ZAMBONI,HUGO ZAMBONI,#NULO,1531,DEPUTADO FEDERAL,MDB,MOVIMENTO DEMOCRÁTICO BRASILEIRO,PARTIDO ISOLADO,MDB,#NULO,#NE,MASCULINO,SUPERIOR COMPLETO,BRANCA,SP,SP,SÃO PAULO
250002533629,IEDA CALDEIRA DA SILVA,IEDA CALDEIRA,#NULO,1514,DEPUTADO FEDERAL,MDB,MOVIMENTO DEMOCRÁTICO BRASILEIRO,PARTIDO ISOLADO,MDB,#NULO,#NE,FEMININO,SUPERIOR INCOMPLETO,BRANCA,SP,SP,SÃO PAULO
250002533655,JAQUELINE PINHEIRO DE ARAUJO DOS SANTOS,JAQUELINE ARAUJO,#NULO,1527,DEPUTADO FEDERAL,MDB,MOVIMENTO DEMOCRÁTICO BRASILEIRO,PARTIDO ISOLADO,MDB,#NULO,#NE,FEMININO,SUPERIOR COMPLETO,PARDA,SP,SP,SÃO PAULO
250002533643,JEAN DORNELAS,JEAN DORNELAS,#NULO,1599,DEPUTADO FEDERAL,MDB,MOVIMENTO DEMOCRÁTICO BRASILEIRO,PARTIDO ISOLADO,MDB,#NULO,#NE,MASCULINO,SUPERIOR COMPLETO,BRANCA,SP,SP,SÃO PAULO
250002533624,JOAO CURY NETO,JOÃO CURY,#NULO,1550,DEPUTADO FEDERAL,MDB,MOVIMENTO DEMOCRÁTICO BRASILEIRO,PARTIDO ISOLADO,MDB,#NULO,#NE,MASCULINO,SUPERIOR COMPLETO,BRANCA,SP,SP,SÃO PAULO
250002533625,JOÃO PEDRO MARTINS SASTRE MIRANDA,JOÃO PEDRO SASTRE,#NULO,1557,DEPUTADO FEDERAL,MDB,MOVIMENTO DEMOCRÁTICO BRASILEIRO,PARTIDO ISOLADO,MDB,#NULO,#NE,MASCULINO,SUPERIOR INCOMPLETO,PARDA,SP,SP,SÃO PAULO
250002533652,JULIANY DE SOUSA REIS,JULIANY REIS,#NULO,1561,DEPUTADO FEDERAL,MDB,MOVIMENTO DEMOCRÁTICO BRASILEIRO,PARTIDO ISOLADO,MDB,#NULO,#NE,FEMININO,ENSINO MÉDIO COMPLETO,BRANCA,SP,SP,SÃO PAULO
250002533653,LUDMILA BASTOS RIBEIRO SOARES,LUDMILA BARISO,#NULO,1529,DEPUTADO FEDERAL,MDB,MOVIMENTO DEMOCRÁTICO BRASILEIRO,PARTIDO ISOLADO,MDB,#NULO,#NE,FEMININO,ENSINO MÉDIO INCOMPLETO,BRANCA,SP,SP,SÃO PAULO
250002533626,LUIS FABIANO CLEMENTE,LUIS FABIANO,#NULO,1509,DEPUTADO FEDERAL,MDB,MOVIMENTO DEMOCRÁTICO BRASILEIRO,PARTIDO ISOLADO,MDB,#NULO,#NE,MASCULINO,ENSINO MÉDIO COMPLETO,PARDA,SP,SP,SÃO PAULO
250002533656,MARIO AUGUSTO AMARO MIRANDA,MARIO PRETO,#NULO,1554,DEPUTADO FEDERAL,MDB,MOVIMENTO DEMOCRÁTICO BRASILEIRO,PARTIDO ISOLADO,MDB,#NULO,#NE,MASCULINO,ENSINO MÉDIO COMPLETO,PARDA,SP,SP,SÃO PAULO
250002533654,MARYANA ESCOBAR BALTUSIS,MARY TEX,#NULO,1590,DEPUTADO FEDERAL,MDB,MOVIMENTO DEMOCRÁTICO BRASILEIRO,PARTIDO ISOLADO,MDB,#NULO,#NE,FEMININO,SUPERIOR COMPLETO,BRANCA,SP,SP,SÃO PAULO
250002533660,MATHEUS LUCAS BERNARDO DE SOUZA,MATHEUS PRINCE,#NULO,1560,DEPUTADO FEDERAL,MDB,MOVIMENTO DEMOCRÁTICO BRASILEIRO,PARTIDO ISOLADO,MDB,#NULO,#NE,MASCULINO,SUPERIOR COMPLETO,PARDA,SP,SP,SÃO PAULO
250002533651,MORGANA SIQUEIRA,MORGANA SIQUEIRA,#NULO,1522,DEPUTADO FEDERAL,MDB,MOVIMENTO DEMOCRÁTICO BRASILEIRO,PARTIDO ISOLADO,MDB,#NULO,#NE,FEMININO,SUPERIOR COMPLETO,PARDA,SP,SP,SÃO PAULO
250002533612,MARCELO NANINI FRANCI,NANINI,#NULO,1520,DEPUTADO FEDERAL,MDB,MOVIMENTO DEMOCRÁTICO BRASILEIRO,PARTIDO ISOLADO,MDB,#NULO,#NE,MASCULINO,ENSINO MÉDIO COMPLETO,BRANCA,SP,SP,SÃO PAULO
250002533628,JOSÉ DE PAULA NETO,NETINHO DE PAULA,#NULO,1501,DEPUTADO FEDERAL,MDB,MOVIMENTO DEMOCRÁTICO BRASILEIRO,PARTIDO ISOLADO,MDB,#NULO,#NE,MASCULINO,SUPERIOR COMPLETO,PRETA,SP,SP,SÃO PAULO
250002533640,ORLANDO MORANDO JUNIOR,ORLANDO MORANDO,#NULO,1555,DEPUTADO FEDERAL,MDB,MOVIMENTO DEMOCRÁTICO BRASILEIRO,PARTIDO ISOLADO,MDB,#NULO,#NE,MASCULINO,SUPERIOR COMPLETO,BRANCA,SP,SP,SÃO PAULO
250002533627,APARECIDO PASCHOAL,PASCHOAL,#NULO,1523,DEPUTADO FEDERAL,MDB,MOVIMENTO DEMOCRÁTICO BRASILEIRO,PARTIDO ISOLADO,MDB,#NULO,#NE,MASCULINO,SUPERIOR COMPLETO,PARDA,SP,SP,SÃO PAULO
250002533673,SERGIO JOSE TEIXEIRA,PROF SERGIO,#NULO,1545,DEPUTADO FEDERAL,MDB,MOVIMENTO DEMOCRÁTICO BRASILEIRO,PARTIDO ISOLADO,MDB,#NULO,#NE,MASCULINO,SUPERIOR COMPLETO,BRANCA,SP,SP,SÃO PAULO
250002533642,MARCO ANTONIO VILLA,PROFESSOR MARCO ANTONIO VILLA,#NULO,1566,DEPUTADO FEDERAL,MDB,MOVIMENTO DEMOCRÁTICO BRASILEIRO,PARTIDO ISOLADO,MDB,#NULO,#NE,MASCULINO,SUPERIOR COMPLETO,BRANCA,SP,SP,SÃO PAULO
250002533614,REGINA LEITE TOLENTINO,REGINA TOLENTINO,#NULO,1525,DEPUTADO FEDERAL,MDB,MOVIMENTO DEMOCRÁTICO BRASILEIRO,PARTIDO ISOLADO,MDB,#NULO,#NE,FEMININO,SUPERIOR COMPLETO,BRANCA,SP,SP,SÃO PAULO
250002533616,RENAN PESSOA DA CRUZ,RENAN PESSOA,#NULO,1586,DEPUTADO FEDERAL,MDB,MOVIMENTO DEMOCRÁTICO BRASILEIRO,PARTIDO ISOLADO,MDB,#NULO,#NE,MASCULINO,SUPERIOR COMPLETO,BRANCA,SP,SP,SÃO PAULO
250002533671,RENATA LEMES DE PAIVA MENDES DA COSTA,RENATA PAIVA,#NULO,1510,DEPUTADO FEDERAL,MDB,MOVIMENTO DEMOCRÁTICO BRASILEIRO,PARTIDO ISOLADO,MDB,#NULO,#NE,FEMININO,SUPERIOR COMPLETO,BRANCA,SP,SP,SÃO PAULO
250002533659,RICHARD RASMUSSEN,RICHARD SELVAGEM,#NULO,1526,DEPUTADO FEDERAL,MDB,MOVIMENTO DEMOCRÁTICO BRASILEIRO,PARTIDO ISOLADO,MDB,#NULO,#NE,MASCULINO,SUPERIOR COMPLETO,BRANCA,SP,SP,SÃO PAULO
250002533617,ROSENILDA FRANCELINA DA SILVA,ROSE SILVA,#NULO,1503,DEPUTADO FEDERAL,MDB,MOVIMENTO DEMOCRÁTICO BRASILEIRO,PARTIDO ISOLADO,MDB,#NULO,#NE,FEMININO,SUPERIOR COMPLETO,PRETA,SP,SP,SÃO PAULO
250002533636,RUBINEIA MOREIRA BERGAMINI,RUBY BERGAMINI,#NULO,1507,DEPUTADO FEDERAL,MDB,MOVIMENTO DEMOCRÁTICO BRASILEIRO,PARTIDO ISOLADO,MDB,#NULO,#NE,FEMININO,SUPERIOR COMPLETO,PRETA,SP,SP,SÃO PAULO
250002533661,SAMUEL DE JESUS SANTOS PEREIRA,SAMUEL DO POVO,#NULO,1597,DEPUTADO FEDERAL,MDB,MOVIMENTO DEMOCRÁTICO BRASILEIRO,PARTIDO ISOLADO,MDB,#NULO,#NE,MASCULINO,ENSINO MÉDIO COMPLETO,PRETA,SP,SP,SÃO PAULO
250002533610,SAMUEL HERISSON ZANELATO ELPIDIO DO SANTOS,SAMUEL PITBULL,#NULO,1556,DEPUTADO FEDERAL,MDB,MOVIMENTO DEMOCRÁTICO BRASILEIRO,PARTIDO ISOLADO,MDB,#NULO,#NE,MASCULINO,SUPERIOR INCOMPLETO,BRANCA,SP,SP,SÃO PAULO
250002533619,JULIANO FERREIRA DOS SANTOS GERMANO,SARGENTO GERMANO,#NULO,1587,DEPUTADO FEDERAL,MDB,MOVIMENTO DEMOCRÁTICO BRASILEIRO,PARTIDO ISOLADO,MDB,#NULO,#NE,MASCULINO,SUPERIOR COMPLETO,PARDA,SP,SP,SÃO PAULO
250002533664,SIDNEY LUIZ DA CRUZ,SIDNEY CRUZ,#NULO,1502,DEPUTADO FEDERAL,MDB,MOVIMENTO DEMOCRÁTICO BRASILEIRO,PARTIDO ISOLADO,MDB,#NULO,#NE,MASCULINO,SUPERIOR COMPLETO,PARDA,SP,SP,SÃO PAULO
250002533615,SILAS ALVES FEITOSA,SILAS FEITOSA,#NULO,1518,DEPUTADO FEDERAL,MDB,MOVIMENTO DEMOCRÁTICO BRASILEIRO,PARTIDO ISOLADO,MDB,#NULO,#NE,MASCULINO,SUPERIOR COMPLETO,BRANCA,SP,SP,SÃO PAULO
250002533634,TOMIO YANO JUNIOR,TOMIO YANO,#NULO,1521,DEPUTADO FEDERAL,MDB,MOVIMENTO DEMOCRÁTICO BRASILEIRO,PARTIDO ISOLADO,MDB,#NULO,#NE,MASCULINO,SUPERIOR COMPLETO,AMARELA,SP,SP,SÃO PAULO
250002533609,VALDIR JOSE DA SILVA,VALDIR DA SANTA CASA,#NULO,1538,DEPUTADO FEDERAL,MDB,MOVIMENTO DEMOCRÁTICO BRASILEIRO,PARTIDO ISOLADO,MDB,#NULO,#NE,MASCULINO,SUPERIOR INCOMPLETO,PARDA,SP,SP,SÃO PAULO
250002533623,ÍCARO LOPES MORALES,ÍCARO DO ATAMOR,#NULO,1535,DEPUTADO FEDERAL,MDB,MOVIMENTO DEMOCRÁTICO BRASILEIRO,PARTIDO ISOLADO,MDB,#NULO,#NE,MASCULINO,SUPERIOR COMPLETO,BRANCA,SP,SP,SÃO PAULO
250002530167,ADRIANA MIGUEL VENTURA,ADRIANA VENTURA,#NULO,3030,DEPUTADO FEDERAL,NOVO,PARTIDO NOVO,PARTIDO ISOLADO,NOVO,#NULO,#NE,FEMININO,SUPERIOR COMPLETO,BRANCA,SP,SP,SÃO PAULO
250002530126,ANTONIO CARLOS ALBINO,ALBINO,#NULO,3020,DEPUTADO FEDERAL,NOVO,PARTIDO NOVO,PARTIDO ISOLADO,NOVO,#NULO,#NE,MASCULINO,SUPERIOR COMPLETO,BRANCA,SP,SP,SÃO PAULO
250002530138,ALEXIS JOSEPH STEVERLYNCK FONTEYNE,ALEXIS FONTEYNE,#NULO,3000,DEPUTADO FEDERAL,NOVO,PARTIDO NOVO,PARTIDO ISOLADO,NOVO,#NULO,#NE,MASCULINO,SUPERIOR COMPLETO,BRANCA,SP,SP,SÃO PAULO
250002530172,AMANDA OLIVEIRA DE CASTRO,AMANDA OLIVEIRA,#NULO,3073,DEPUTADO FEDERAL,NOVO,PARTIDO NOVO,PARTIDO ISOLADO,NOVO,#NULO,#NE,FEMININO,SUPERIOR COMPLETO,BRANCA,SP,SP,SÃO PAULO
250002530093,ANA PAULA ROCHA TEIXEIRA,ANA PAULA ROCHA,#NULO,3032,DEPUTADO FEDERAL,NOVO,PARTIDO NOVO,PARTIDO ISOLADO,NOVO,#NULO,#NE,FEMININO,SUPERIOR COMPLETO,BRANCA,SP,SP,SÃO PAULO
250002530156,ANNA PAULA NASTRI FERNANDES NUNES,ANNA DO AGRO,#NULO,3004,DEPUTADO FEDERAL,NOVO,PARTIDO NOVO,PARTIDO ISOLADO,NOVO,#NULO,#NE,FEMININO,SUPERIOR COMPLETO,BRANCA,SP,SP,SÃO PAULO
250002530155,BARBARA HUYARA DE OLIVEIRA VICTORIANO KOGOS,BARBARA KOGOS,#NULO,3099,DEPUTADO FEDERAL,NOVO,PARTIDO NOVO,PARTIDO ISOLADO,NOVO,#NULO,#NE,FEMININO,SUPERIOR INCOMPLETO,PRETA,SP,SP,SÃO PAULO
250002530124,ASSIS LEO PADILHA E SOUZA,BISPO LÉO ASSIS,#NULO,3036,DEPUTADO FEDERAL,NOVO,PARTIDO NOVO,PARTIDO ISOLADO,NOVO,#NULO,#NE,MASCULINO,SUPERIOR COMPLETO,BRANCA,SP,SP,SÃO PAULO
250002530179,CARLOS ALBERTO SOUZA,CAPITÃO SOUZA,#NULO,3026,DEPUTADO FEDERAL,NOVO,PARTIDO NOVO,PARTIDO ISOLADO,NOVO,#NULO,#NE,MASCULINO,SUPERIOR COMPLETO,AMARELA,SP,SP,SÃO PAULO
250002530177,CIBELE FRANCO NAZARETH,CIBELE FRANCO,#NULO,3015,DEPUTADO FEDERAL,NOVO,PARTIDO NOVO,PARTIDO ISOLADO,NOVO,#NULO,#NE,FEMININO,SUPERIOR COMPLETO,BRANCA,SP,SP,SÃO PAULO
250002530121,CÍCERA SEVERINA DA CONCEIÇÃO MUSA,CIÇA MUSA,#NULO,3051,DEPUTADO FEDERAL,NOVO,PARTIDO NOVO,PARTIDO ISOLADO,NOVO,#NULO,#NE,FEMININO,SUPERIOR COMPLETO,BRANCA,SP,SP,SÃO PAULO
250002530128,CLÁUDIA SILVA RODRIGUES LEAL,CLÁUDIA RODRIGUES,#NULO,3008,DEPUTADO FEDERAL,NOVO,PARTIDO NOVO,PARTIDO ISOLADO,NOVO,#NULO,#NE,FEMININO,SUPERIOR COMPLETO,BRANCA,SP,SP,SÃO PAULO
250002530129,CRISTINA PEREIRA MONTEIRO,CRIS MONTEIRO,#NULO,3011,DEPUTADO FEDERAL,NOVO,PARTIDO NOVO,PARTIDO ISOLADO,NOVO,#NULO,#NE,FEMININO,SUPERIOR COMPLETO,BRANCA,SP,SP,SÃO PAULO
250002530159,CRISTOVÃO HERNANDES DE OLIVEIRA,CRISTOVÃO MARINHEIRO,#NULO,3089,DEPUTADO FEDERAL,NOVO,PARTIDO NOVO,PARTIDO ISOLADO,NOVO,#NULO,#NE,MASCULINO,SUPERIOR INCOMPLETO,BRANCA,SP,SP,SÃO PAULO
250002530174,DÁCIO GOMYDE PRETONI,DACIO GOMYDE PRETONI,#NULO,3056,DEPUTADO FEDERAL,NOVO,PARTIDO NOVO,PARTIDO ISOLADO,NOVO,#NULO,#NE,MASCULINO,SUPERIOR COMPLETO,BRANCA,SP,SP,SÃO PAULO
250002530152,DAMARIS DA SILVA DE SOUSA,DAMARIS SOUSA,#NULO,3039,DEPUTADO FEDERAL,NOVO,PARTIDO NOVO,PARTIDO ISOLADO,NOVO,#NULO,#NE,FEMININO,SUPERIOR COMPLETO,BRANCA,SP,SP,SÃO PAULO
250002530175,DANIEL DE OLIVEIRA MELO,DANIEL MELO,#NULO,3055,DEPUTADO FEDERAL,NOVO,PARTIDO NOVO,PARTIDO ISOLADO,NOVO,#NULO,#NE,MASCULINO,SUPERIOR COMPLETO,BRANCA,SP,SP,SÃO PAULO
250002530166,DOUGLAS MELO DE SOUSA,DOUGLAS MELO,#NULO,3070,DEPUTADO FEDERAL,NOVO,PARTIDO NOVO,PARTIDO ISOLADO,NOVO,#NULO,#NE,MASCULINO,ENSINO MÉDIO COMPLETO,PARDA,SP,SP,SÃO PAULO
250002530150,FELIPE OSCAR LEMES DA ROSA,DOUTOR GEARHEAD,#NULO,3012,DEPUTADO FEDERAL,NOVO,PARTIDO NOVO,PARTIDO ISOLADO,NOVO,#NULO,#NE,MASCULINO,SUPERIOR COMPLETO,BRANCA,SP,SP,SÃO PAULO
250002530116,JULIA BEATRIZ COELHO,DRA JÚLIA BRUDER,#NULO,3014,DEPUTADO FEDERAL,NOVO,PARTIDO NOVO,PARTIDO ISOLADO,NOVO,#NULO,#NE,FEMININO,SUPERIOR COMPLETO,BRANCA,SP,SP,SÃO PAULO
250002530135,LUIZ EDUARDO PENTEADO BORGO,EDUARDO BORGO,#NULO,3003,DEPUTADO FEDERAL,NOVO,PARTIDO NOVO,PARTIDO ISOLADO,NOVO,#NULO,#NE,MASCULINO,SUPERIOR COMPLETO,BRANCA,SP,SP,SÃO PAULO
250002530153,EZEQUIAS FELIPPE RODRIGUES,EZEQUIAS VAI CHOVER,#NULO,3021,DEPUTADO FEDERAL,NOVO,PARTIDO NOVO,PARTIDO ISOLADO,NOVO,#NULO,#NE,MASCULINO,SUPERIOR COMPLETO,PRETA,SP,SP,SÃO PAULO
250002530173,FABIO PHELIPE GARCIA PAGNOZZI,FABIO PAGNOZZI,#NULO,3010,DEPUTADO FEDERAL,NOVO,PARTIDO NOVO,PARTIDO ISOLADO,NOVO,#NULO,#NE,MASCULINO,SUPERIOR COMPLETO,BRANCA,SP,SP,SÃO PAULO
250002530141,FERNANDO DA SILVA BREVIGLIERI,FERNANDO CONFIANÇA,#NULO,3072,DEPUTADO FEDERAL,NOVO,PARTIDO NOVO,PARTIDO ISOLADO,NOVO,#NULO,#NE,MASCULINO,SUPERIOR COMPLETO,BRANCA,SP,SP,SÃO PAULO
250002530157,HELLEN FARIA MELO,HELLEN MELLO,#NULO,3029,DEPUTADO FEDERAL,NOVO,PARTIDO NOVO,PARTIDO ISOLADO,NOVO,#NULO,#NE,FEMININO,SUPERIOR INCOMPLETO,BRANCA,SP,SP,SÃO PAULO
250002530180,MARIA ISABELLA GEDEON IZAR,ISABELLA IZAR,#NULO,3002,DEPUTADO FEDERAL,NOVO,PARTIDO NOVO,PARTIDO ISOLADO,NOVO,#NULO,#NE,FEMININO,ENSINO MÉDIO COMPLETO,BRANCA,SP,SP,SÃO PAULO
250002530149,IZANA DE ASSIS OLIVEIRA,IZANA OLIVEIRA,#NULO,3042,DEPUTADO FEDERAL,NOVO,PARTIDO NOVO,PARTIDO ISOLADO,NOVO,#NULO,#NE,FEMININO,ENSINO MÉDIO COMPLETO,BRANCA,SP,SP,SÃO PAULO
250002530161,JABS CRES MAIA SANTOS,JABS CRES,#NULO,3082,DEPUTADO FEDERAL,NOVO,PARTIDO NOVO,PARTIDO ISOLADO,NOVO,#NULO,#NE,MASCULINO,SUPERIOR COMPLETO,BRANCA,SP,SP,SÃO PAULO
250002530143,JANIEIRE MARIA SILVA,JANIEIRESILVA,#NULO,3046,DEPUTADO FEDERAL,NOVO,PARTIDO NOVO,PARTIDO ISOLADO,NOVO,#NULO,#NE,FEMININO,SUPERIOR INCOMPLETO,PARDA,SP,SP,SÃO PAULO
250002530127,JOELMA FRANCO DA CUNHA,JOELMA FRANCO,#NULO,3067,DEPUTADO FEDERAL,NOVO,PARTIDO NOVO,PARTIDO ISOLADO,NOVO,#NULO,#NE,FEMININO,SUPERIOR COMPLETO,BRANCA,SP,SP,SÃO PAULO
250002530139,KARIN RACHEL ARANHA MOHAMED FAYZ,KARIN ARANHA,#NULO,3023,DEPUTADO FEDERAL,NOVO,PARTIDO NOVO,PARTIDO ISOLADO,NOVO,#NULO,#NE,FEMININO,SUPERIOR COMPLETO,BRANCA,SP,SP,SÃO PAULO
250002530158,LEONARDO DE SIQUEIRA LIMA,LEONARDO DE SIQUEIRA LIMA,#NULO,3060,DEPUTADO FEDERAL,NOVO,PARTIDO NOVO,PARTIDO ISOLADO,NOVO,#NULO,#NE,MASCULINO,SUPERIOR COMPLETO,BRANCA,SP,SP,SÃO PAULO
250002530145,GUSTAVO LEOPOLDO RODRIGUES DARÉ,LEOPOLDO DARÉ,#NULO,3065,DEPUTADO FEDERAL,NOVO,PARTIDO NOVO,PARTIDO ISOLADO,NOVO,#NULO,#NE,MASCULINO,SUPERIOR COMPLETO,BRANCA,SP,SP,SÃO PAULO
250002530146,MARCOS VITOR LESSA,LESSA DO CORPO DE BOMBEIROS,#NULO,3093,DEPUTADO FEDERAL,NOVO,PARTIDO NOVO,PARTIDO ISOLADO,NOVO,#NULO,#NE,MASCULINO,SUPERIOR COMPLETO,PRETA,SP,SP,SÃO PAULO
250002530122,ELIAS DE ALMEIDA MARINHO,LORD MARINHO,#NULO,3068,DEPUTADO FEDERAL,NOVO,PARTIDO NOVO,PARTIDO ISOLADO,NOVO,#NULO,#NE,MASCULINO,ENSINO FUNDAMENTAL COMPLETO,PARDA,SP,SP,SÃO PAULO
250002530091,LUIZA REJANE ROCHA ANDREOLLI,LU ANDREOLLI,#NULO,3044,DEPUTADO FEDERAL,NOVO,PARTIDO NOVO,PARTIDO ISOLADO,NOVO,#NULO,#NE,FEMININO,SUPERIOR INCOMPLETO,BRANCA,SP,SP,SÃO PAULO
250002530136,LUIZ RICARDO DE CAMARGO,LUIZ CAMARGO,#NULO,3040,DEPUTADO FEDERAL,NOVO,PARTIDO NOVO,PARTIDO ISOLADO,NOVO,#NULO,#NE,MASCULINO,SUPERIOR COMPLETO,BRANCA,SP,SP,SÃO PAULO
250002530130,MARCOS VINÍCIUS LUZ GIANNONI,MARCAO DA EMA,#NULO,3013,DEPUTADO FEDERAL,NOVO,PARTIDO NOVO,PARTIDO ISOLADO,NOVO,#NULO,#NE,MASCULINO,SUPERIOR COMPLETO,BRANCA,SP,SP,SÃO PAULO
250002530160,MARCELA TABBATA GONÇALVES DO NASCIMENTO,MARCELA NASCIMENTO,#NULO,3043,DEPUTADO FEDERAL,NOVO,PARTIDO NOVO,PARTIDO ISOLADO,NOVO,#NULO,#NE,FEMININO,SUPERIOR COMPLETO,PARDA,SP,SP,SÃO PAULO
250002530178,MARCO AURÉLIO MARTINS DE SOUSA,MARCO AURÉLIO,#NULO,3033,DEPUTADO FEDERAL,NOVO,PARTIDO NOVO,PARTIDO ISOLADO,NOVO,#NULO,#NE,MASCULINO,SUPERIOR COMPLETO,BRANCA,SP,SP,SÃO PAULO
250002530171,MARCOS CINTRA CAVALCANTI DE ALBUQUERQUE,MARCOS CINTRA,#NULO,3001,DEPUTADO FEDERAL,NOVO,PARTIDO NOVO,PARTIDO ISOLADO,NOVO,#NULO,#NE,MASCULINO,SUPERIOR COMPLETO,BRANCA,SP,SP,SÃO PAULO
250002530132,MARILIZA RODRIGUES DA SILVA LUZ,MARILUZ,#NULO,3027,DEPUTADO FEDERAL,NOVO,PARTIDO NOVO,PARTIDO ISOLADO,NOVO,#NULO,#NE,FEMININO,SUPERIOR COMPLETO,BRANCA,SP,SP,SÃO PAULO
250002530115,MARINA HELENA CUNHA PEREIRA SANTOS,MARINA HELENA,#NULO,3007,DEPUTADO FEDERAL,NOVO,PARTIDO NOVO,PARTIDO ISOLADO,NOVO,#NULO,#NE,FEMININO,SUPERIOR COMPLETO,BRANCA,SP,SP,SÃO PAULO
250002530120,MILTON JOSÉ DE SOUZA,MILTON DANTUNES,#NULO,3066,DEPUTADO FEDERAL,NOVO,PARTIDO NOVO,PARTIDO ISOLADO,NOVO,#NULO,#NE,MASCULINO,SUPERIOR INCOMPLETO,BRANCA,SP,SP,SÃO PAULO
250002530148,LUIS VICTOR ALVES DE OLIVEIRA,OLIVEIRA CAUSA ANIMAL,#NULO,3077,DEPUTADO FEDERAL,NOVO,PARTIDO NOVO,PARTIDO ISOLADO,NOVO,#NULO,#NE,MASCULINO,SUPERIOR INCOMPLETO,BRANCA,SP,SP,SÃO PAULO
250002530131,OLIVIA MENDES LEAL COSTA,OLIVIA COSTA,#NULO,3009,DEPUTADO FEDERAL,NOVO,PARTIDO NOVO,PARTIDO ISOLADO,NOVO,#NULO,#NE,FEMININO,SUPERIOR COMPLETO,BRANCA,SP,SP,SÃO PAULO
250002530118,OSWALDO VIDAL DE OLIVEIRA FILHO,OSWALDO VIDAL,#NULO,3006,DEPUTADO FEDERAL,NOVO,PARTIDO NOVO,PARTIDO ISOLADO,NOVO,#NULO,#NE,MASCULINO,ENSINO FUNDAMENTAL COMPLETO,BRANCA,SP,SP,SÃO PAULO
250002530114,JOÃO CAETANO DA PAIXÃO,PAIXÃO,#NULO,3018,DEPUTADO FEDERAL,NOVO,PARTIDO NOVO,PARTIDO ISOLADO,NOVO,#NULO,#NE,MASCULINO,ENSINO FUNDAMENTAL COMPLETO,PARDA,SP,SP,SÃO PAULO
250002530119,MÁRIO CEZAR SUTIL,PASTOR SUTIL,#NULO,3035,DEPUTADO FEDERAL,NOVO,PARTIDO NOVO,PARTIDO ISOLADO,NOVO,#NULO,#NE,MASCULINO,SUPERIOR INCOMPLETO,PRETA,SP,SP,SÃO PAULO
250002530154,PAULO PROIETI,PAULO PROIETI,#NULO,3037,DEPUTADO FEDERAL,NOVO,PARTIDO NOVO,PARTIDO ISOLADO,NOVO,#NULO,#NE,MASCULINO,SUPERIOR COMPLETO,PARDA,SP,SP,SÃO PAULO
250002530137,PEDRO CANDIDO CORDEIRO JUNIOR,PEDRO CORDEIRO,#NULO,3045,DEPUTADO FEDERAL,NOVO,PARTIDO NOVO,PARTIDO ISOLADO,NOVO,#NULO,#NE,MASCULINO,SUPERIOR COMPLETO,PARDA,SP,SP,SÃO PAULO
250002530117,PEDRO BRUNO DE BARROS PONCIO,PEDRO PÔNCIO - EX MST,#NULO,3022,DEPUTADO FEDERAL,NOVO,PARTIDO NOVO,PARTIDO ISOLADO,NOVO,#NULO,#NE,MASCULINO,ENSINO MÉDIO COMPLETO,PARDA,SP,SP,SÃO PAULO
250002530164,PRISCILA FELIX LOPES,PRISCILA FELIX,#NULO,3069,DEPUTADO FEDERAL,NOVO,PARTIDO NOVO,PARTIDO ISOLADO,NOVO,#NULO,#NE,FEMININO,SUPERIOR COMPLETO,BRANCA,SP,SP,SÃO PAULO
250002530092,FREDSON SANTOS DALLY,PROF. FRED DALLY,#NULO,3016,DEPUTADO FEDERAL,NOVO,PARTIDO NOVO,PARTIDO ISOLADO,NOVO,#NULO,#NE,MASCULINO,SUPERIOR COMPLETO,PRETA,SP,SP,SÃO PAULO
250002530170,CHRISTIAN LOHBAUER,PROFESSOR CHRISTIAN,#NULO,3050,DEPUTADO FEDERAL,NOVO,PARTIDO NOVO,PARTIDO ISOLADO,NOVO,#NULO,#NE,MASCULINO,SUPERIOR COMPLETO,BRANCA,SP,SP,SÃO PAULO
250002530133,VALTERNEI OLIMPIO DOS SANTOS,PROF° VALTINHO OLIMPIO,#NULO,3078,DEPUTADO FEDERAL,NOVO,PARTIDO NOVO,PARTIDO ISOLADO,NOVO,#NULO,#NE,MASCULINO,SUPERIOR COMPLETO,PARDA,SP,SP,SÃO PAULO
250002530140,RAFAEL STEFANO FELTRIN,RAFAEL  FELTRIN,#NULO,3025,DEPUTADO FEDERAL,NOVO,PARTIDO NOVO,PARTIDO ISOLADO,NOVO,#NULO,#NE,MASCULINO,ENSINO MÉDIO INCOMPLETO,BRANCA,SP,SP,SÃO PAULO
250002530147,RAFAEL RIBEIRO ZUCCO,RAFAEL ZUCCO,#NULO,3005,DEPUTADO FEDERAL,NOVO,PARTIDO NOVO,PARTIDO ISOLADO,NOVO,#NULO,#NE,MASCULINO,SUPERIOR INCOMPLETO,BRANCA,SP,SP,SÃO PAULO
250002530134,RAQUEL RAFAELA CHAVES DA SILVA,RAQUEL RAFAELLA,#NULO,3034,DEPUTADO FEDERAL,NOVO,PARTIDO NOVO,PARTIDO ISOLADO,NOVO,#NULO,#NE,FEMININO,SUPERIOR INCOMPLETO,PARDA,SP,SP,SÃO PAULO
250002530163,CARLOS ALBERTO SERRA NETO,SERRANETO,#NULO,3084,DEPUTADO FEDERAL,NOVO,PARTIDO NOVO,PARTIDO ISOLADO,NOVO,#NULO,#NE,MASCULINO,SUPERIOR COMPLETO,BRANCA,SP,SP,SÃO PAULO
250002530144,SIDNEY CARVALHO ELIAS,SIDNEY ELIAS,#NULO,3080,DEPUTADO FEDERAL,NOVO,PARTIDO NOVO,PARTIDO ISOLADO,NOVO,#NULO,#NE,MASCULINO,SUPERIOR COMPLETO,BRANCA,SP,SP,SÃO PAULO
250002530168,SIDNEY EDUARDO STAHL,SIDNEY STAHL,#NULO,3063,DEPUTADO FEDERAL,NOVO,PARTIDO NOVO,PARTIDO ISOLADO,NOVO,#NULO,#NE,MASCULINO,SUPERIOR COMPLETO,BRANCA,SP,SP,SÃO PAULO
250002530151,STELLA MARIA CURY CALIA,STELLA CURY,#NULO,3024,DEPUTADO FEDERAL,NOVO,PARTIDO NOVO,PARTIDO ISOLADO,NOVO,#NULO,#NE,FEMININO,SUPERIOR COMPLETO,BRANCA,SP,SP,SÃO PAULO
250002530123,AILTON RODRIGUES MACHADO,SUBTENENTE AILTON,#NULO,3090,DEPUTADO FEDERAL,NOVO,PARTIDO NOVO,PARTIDO ISOLADO,NOVO,#NULO,#NE,MASCULINO,SUPERIOR COMPLETO,PARDA,SP,SP,SÃO PAULO
250002530165,SÉRGIO RICARDO DE CARVALHO NEVES,SÉRGIO NEVES,#NULO,3062,DEPUTADO FEDERAL,NOVO,PARTIDO NOVO,PARTIDO ISOLADO,NOVO,#NULO,#NE,MASCULINO,SUPERIOR COMPLETO,BRANCA,SP,SP,SÃO PAULO
250002530142,TATIANA LIMA SCHIMIGUEL,TATIANA LIMA,#NULO,3096,DEPUTADO FEDERAL,NOVO,PARTIDO NOVO,PARTIDO ISOLADO,NOVO,#NULO,#NE,FEMININO,ENSINO MÉDIO INCOMPLETO,BRANCA,SP,SP,SÃO PAULO
250002530162,PEDRO RODRIGUES DE MIRANDA NETO,TENENTE PEDRO MIRANDA,#NULO,3038,DEPUTADO FEDERAL,NOVO,PARTIDO NOVO,PARTIDO ISOLADO,NOVO,#NULO,#NE,MASCULINO,SUPERIOR COMPLETO,PARDA,SP,SP,SÃO PAULO
250002530169,TERESINHA DE ALMEIDA RAMOS NEVES,TERESINHA NEVES,#NULO,3088,DEPUTADO FEDERAL,NOVO,PARTIDO NOVO,PARTIDO ISOLADO,NOVO,#NULO,#NE,FEMININO,SUPERIOR COMPLETO,BRANCA,SP,SP,SÃO PAULO
250002530125,MARCO ROGÉRIO DE CARVALHO,TROVÃO,#NULO,3017,DEPUTADO FEDERAL,NOVO,PARTIDO NOVO,PARTIDO ISOLADO,NOVO,#NULO,#NE,MASCULINO,ENSINO MÉDIO COMPLETO,BRANCA,SP,SP,SÃO PAULO
250002530176,WILLIAM CASTRO,WILLIAM CASTRO,#NULO,3031,DEPUTADO FEDERAL,NOVO,PARTIDO NOVO,PARTIDO ISOLADO,NOVO,#NULO,#NE,MASCULINO,ENSINO MÉDIO COMPLETO,BRANCA,SP,SP,SÃO PAULO
250002532382,ADRIANA DA SILVA E SOUSA,ADRIANA SOUSA,#NULO,1116,DEPUTADO FEDERAL,PP,PROGRESSISTAS,FEDERAÇÃO,FEDERAÇÃO UNIÃO PROGRESSISTA(44-UNIÃO/11-PP),#NULO,#NE,FEMININO,SUPERIOR COMPLETO,BRANCA,SP,SP,SÃO PAULO
250002532366,ALESSANDRA VIEIRA DE CAMARGO TELES,ALESSANDRA GONZAGA,#NULO,1112,DEPUTADO FEDERAL,PP,PROGRESSISTAS,FEDERAÇÃO,FEDERAÇÃO UNIÃO PROGRESSISTA(44-UNIÃO/11-PP),#NULO,#NE,FEMININO,SUPERIOR COMPLETO,BRANCA,SP,SP,SÃO PAULO
250002532377,ANDRÉ LUIZ DE PAULO MALDONADO,ANDRE MALDONADO,#NULO,1114,DEPUTADO FEDERAL,PP,PROGRESSISTAS,FEDERAÇÃO,FEDERAÇÃO UNIÃO PROGRESSISTA(44-UNIÃO/11-PP),#NULO,#NE,MASCULINO,SUPERIOR COMPLETO,BRANCA,SP,SP,SÃO PAULO
250002532346,CARLOS EDUARDO MONTI JUNIOR,CADU MONTI,#NULO,1108,DEPUTADO FEDERAL,PP,PROGRESSISTAS,FEDERAÇÃO,FEDERAÇÃO UNIÃO PROGRESSISTA(44-UNIÃO/11-PP),#NULO,#NE,MASCULINO,SUPERIOR COMPLETO,BRANCA,SP,SP,SÃO PAULO
250002532337,CAROLINE DE CAMPOS DEL VECCHIO,CAROL DEL VECCHIO,#NULO,1145,DEPUTADO FEDERAL,PP,PROGRESSISTAS,FEDERAÇÃO,FEDERAÇÃO UNIÃO PROGRESSISTA(44-UNIÃO/11-PP),#NULO,#NE,FEMININO,SUPERIOR COMPLETO,BRANCA,SP,SP,SÃO PAULO
250002532374,MANOEL RICARDO RUIZ,CHINÃO RUIZ,#NULO,1155,DEPUTADO FEDERAL,PP,PROGRESSISTAS,FEDERAÇÃO,FEDERAÇÃO UNIÃO PROGRESSISTA(44-UNIÃO/11-PP),#NULO,#NE,MASCULINO,SUPERIOR COMPLETO,BRANCA,SP,SP,SÃO PAULO
250002532353,PAULO ADRIANO LOPES LUCINDA TELHADA,CORONEL TELHADA,#NULO,1100,DEPUTADO FEDERAL,PP,PROGRESSISTAS,FEDERAÇÃO,FEDERAÇÃO UNIÃO PROGRESSISTA(44-UNIÃO/11-PP),#NULO,#NE,MASCULINO,SUPERIOR COMPLETO,BRANCA,SP,SP,SÃO PAULO
250002532373,CRISTIANO MOREIRA PINTO BERALDO,CRISTIANO BERALDO,#NULO,1140,DEPUTADO FEDERAL,PP,PROGRESSISTAS,FEDERAÇÃO,FEDERAÇÃO UNIÃO PROGRESSISTA(44-UNIÃO/11-PP),#NULO,#NE,MASCULINO,SUPERIOR COMPLETO,BRANCA,SP,SP,SÃO PAULO
250002532371,CRISTIANO VECCHI CASTRO LOPES,CRISTIANO LOPES,#NULO,1126,DEPUTADO FEDERAL,PP,PROGRESSISTAS,FEDERAÇÃO,FEDERAÇÃO UNIÃO PROGRESSISTA(44-UNIÃO/11-PP),#NULO,#NE,MASCULINO,SUPERIOR COMPLETO,BRANCA,SP,SP,SÃO PAULO
250002532362,DAVI AMORIM DE OLIVEIRA,DAVI SACER,#NULO,1122,DEPUTADO FEDERAL,PP,PROGRESSISTAS,FEDERAÇÃO,FEDERAÇÃO UNIÃO PROGRESSISTA(44-UNIÃO/11-PP),#NULO,#NE,MASCULINO,ENSINO FUNDAMENTAL INCOMPLETO,BRANCA,SP,SP,SÃO PAULO
250002532335,REGIANE APARECIDA DE SOUZA NEVES,DRA. REGIANE SOUZA NEVES,#NULO,1147,DEPUTADO FEDERAL,PP,PROGRESSISTAS,FEDERAÇÃO,FEDERAÇÃO UNIÃO PROGRESSISTA(44-UNIÃO/11-PP),#NULO,#NE,FEMININO,SUPERIOR COMPLETO,BRANCA,SP,SP,SÃO PAULO
250002532344,ESNAR DONIZETI RIBEIRO LUIZ,ESNAR RIBEIRO,#NULO,1117,DEPUTADO FEDERAL,PP,PROGRESSISTAS,FEDERAÇÃO,FEDERAÇÃO UNIÃO PROGRESSISTA(44-UNIÃO/11-PP),#NULO,#NE,MASCULINO,ENSINO MÉDIO COMPLETO,BRANCA,SP,SP,SÃO PAULO
250002532339,SABRINA FERNANDA NEMETH QUADROS,FERNANDA QUADROS,#NULO,1127,DEPUTADO FEDERAL,PP,PROGRESSISTAS,FEDERAÇÃO,FEDERAÇÃO UNIÃO PROGRESSISTA(44-UNIÃO/11-PP),#NULO,#NE,FEMININO,SUPERIOR INCOMPLETO,BRANCA,SP,SP,SÃO PAULO
250002532354,FERNANDO RIBEIRO FERNANDES,FERNANDO FERNANDES,#NULO,1107,DEPUTADO FEDERAL,PP,PROGRESSISTAS,FEDERAÇÃO,FEDERAÇÃO UNIÃO PROGRESSISTA(44-UNIÃO/11-PP),#NULO,#NE,MASCULINO,SUPERIOR COMPLETO,BRANCA,SP,SP,SÃO PAULO
250002532349,FERNANDO PASQUALINO,FERNANDO PASQUALINO,#NULO,1130,DEPUTADO FEDERAL,PP,PROGRESSISTAS,FEDERAÇÃO,FEDERAÇÃO UNIÃO PROGRESSISTA(44-UNIÃO/11-PP),#NULO,#NE,MASCULINO,SUPERIOR COMPLETO,BRANCA,SP,SP,SÃO PAULO
250002532341,MARIA GORETE SANTOS DE TOLEDO,GORETE,#NULO,1101,DEPUTADO FEDERAL,PP,PROGRESSISTAS,FEDERAÇÃO,FEDERAÇÃO UNIÃO PROGRESSISTA(44-UNIÃO/11-PP),#NULO,#NE,FEMININO,SUPERIOR INCOMPLETO,BRANCA,SP,SP,SÃO PAULO
250002532345,JULIANA KATIA RODRIGUES,JULIANA RODRIGUES,#NULO,1123,DEPUTADO FEDERAL,PP,PROGRESSISTAS,FEDERAÇÃO,FEDERAÇÃO UNIÃO PROGRESSISTA(44-UNIÃO/11-PP),#NULO,#NE,FEMININO,SUPERIOR COMPLETO,BRANCA,SP,SP,SÃO PAULO
250002532369,JULYVER MODESTO DE ARAUJO,JULYVER MODESTO,#NULO,1174,DEPUTADO FEDERAL,PP,PROGRESSISTAS,FEDERAÇÃO,FEDERAÇÃO UNIÃO PROGRESSISTA(44-UNIÃO/11-PP),#NULO,#NE,MASCULINO,SUPERIOR COMPLETO,BRANCA,SP,SP,SÃO PAULO
250002532367,JUSSARA MORO PRESTO,JUSSARA MORO,#NULO,1170,DEPUTADO FEDERAL,PP,PROGRESSISTAS,FEDERAÇÃO,FEDERAÇÃO UNIÃO PROGRESSISTA(44-UNIÃO/11-PP),#NULO,#NE,FEMININO,SUPERIOR COMPLETO,BRANCA,SP,SP,SÃO PAULO
250002532347,ANDERSON FERREIRA NUNES,MAJOR ANDERSON,#NULO,1144,DEPUTADO FEDERAL,PP,PROGRESSISTAS,FEDERAÇÃO,FEDERAÇÃO UNIÃO PROGRESSISTA(44-UNIÃO/11-PP),#NULO,#NE,MASCULINO,SUPERIOR COMPLETO,BRANCA,SP,SP,SÃO PAULO
250002532372,MARCOS DAS NEVES PALUMBO,MAJOR PALUMBO,#NULO,1177,DEPUTADO FEDERAL,PP,PROGRESSISTAS,FEDERAÇÃO,FEDERAÇÃO UNIÃO PROGRESSISTA(44-UNIÃO/11-PP),#NULO,#NE,MASCULINO,SUPERIOR COMPLETO,BRANCA,SP,SP,SÃO PAULO
250002532365,MARCELO DUCHOVNI SILVA,MARCELO SILVA,#NULO,1119,DEPUTADO FEDERAL,PP,PROGRESSISTAS,FEDERAÇÃO,FEDERAÇÃO UNIÃO PROGRESSISTA(44-UNIÃO/11-PP),#NULO,#NE,MASCULINO,SUPERIOR COMPLETO,BRANCA,SP,SP,SÃO PAULO
250002532379,MANOEL MAURICIO SILVA NEVES,MAURICIO NEVES,#NULO,1111,DEPUTADO FEDERAL,PP,PROGRESSISTAS,FEDERAÇÃO,FEDERAÇÃO UNIÃO PROGRESSISTA(44-UNIÃO/11-PP),#NULO,#NE,MASCULINO,SUPERIOR COMPLETO,BRANCA,SP,SP,SÃO PAULO
250002532359,DALBERT MEGA FERREIRA,MEGA,#NULO,1125,DEPUTADO FEDERAL,PP,PROGRESSISTAS,FEDERAÇÃO,FEDERAÇÃO UNIÃO PROGRESSISTA(44-UNIÃO/11-PP),#NULO,#NE,MASCULINO,SUPERIOR COMPLETO,BRANCA,SP,SP,SÃO PAULO
250002532352,PRISCILLA JEREMIAS CARRIJO,PRISCILLA CARRIJO,#NULO,1128,DEPUTADO FEDERAL,PP,PROGRESSISTAS,FEDERAÇÃO,FEDERAÇÃO UNIÃO PROGRESSISTA(44-UNIÃO/11-PP),#NULO,#NE,FEMININO,SUPERIOR COMPLETO,BRANCA,SP,SP,SÃO PAULO
250002532375,RAFAEL FELIPE DEMARCHI,RAFAEL DEMARCHI,#NULO,1167,DEPUTADO FEDERAL,PP,PROGRESSISTAS,FEDERAÇÃO,FEDERAÇÃO UNIÃO PROGRESSISTA(44-UNIÃO/11-PP),#NULO,#NE,MASCULINO,SUPERIOR COMPLETO,BRANCA,SP,SP,SÃO PAULO
250002532342,ISRAEL NANTES SANTOS,SARGENTO NANTES,#NULO,1110,DEPUTADO FEDERAL,PP,PROGRESSISTAS,FEDERAÇÃO,FEDERAÇÃO UNIÃO PROGRESSISTA(44-UNIÃO/11-PP),#NULO,#NE,MASCULINO,SUPERIOR COMPLETO,BRANCA,SP,SP,SÃO PAULO
250002532364,ANDRÉ GEORGE NERES DE FARIAS,SARGENTO NERES,#NULO,1120,DEPUTADO FEDERAL,PP,PROGRESSISTAS,FEDERAÇÃO,FEDERAÇÃO UNIÃO PROGRESSISTA(44-UNIÃO/11-PP),#NULO,#NE,MASCULINO,SUPERIOR COMPLETO,BRANCA,SP,SP,SÃO PAULO
250002532348,JURANDIR ANTONIO SPINELLI,TENENTE SPINELLI,#NULO,1118,DEPUTADO FEDERAL,PP,PROGRESSISTAS,FEDERAÇÃO,FEDERAÇÃO UNIÃO PROGRESSISTA(44-UNIÃO/11-PP),#NULO,#NE,MASCULINO,ENSINO MÉDIO COMPLETO,BRANCA,SP,SP,SÃO PAULO
250002532350,JOSENILDO RIBEIRO DE FREITAS,VEINHO,#NULO,1166,DEPUTADO FEDERAL,PP,PROGRESSISTAS,FEDERAÇÃO,FEDERAÇÃO UNIÃO PROGRESSISTA(44-UNIÃO/11-PP),#NULO,#NE,MASCULINO,SUPERIOR COMPLETO,BRANCA,SP,SP,SÃO PAULO
250002532343,VICTOR AUGUSTO RUIZ DOMINGUES,VICTOR RUIZ,#NULO,1133,DEPUTADO FEDERAL,PP,PROGRESSISTAS,FEDERAÇÃO,FEDERAÇÃO UNIÃO PROGRESSISTA(44-UNIÃO/11-PP),#NULO,#NE,MASCULINO,SUPERIOR COMPLETO,BRANCA,SP,SP,SÃO PAULO
250002532357,VITÓRIA ARAUJO DE SOUZA,VITORIA SOUZA,#NULO,1199,DEPUTADO FEDERAL,PP,PROGRESSISTAS,FEDERAÇÃO,FEDERAÇÃO UNIÃO PROGRESSISTA(44-UNIÃO/11-PP),#NULO,#NE,FEMININO,ENSINO MÉDIO INCOMPLETO,BRANCA,SP,SP,SÃO PAULO
250002534916,ANA PAULA CARVALHO BEATHALTER,ANA BEATHALTER,#NULO,2588,DEPUTADO FEDERAL,PRD,PARTIDO RENOVACAO DEMOCRATICA,FEDERAÇÃO,FEDERAÇÃO RENOVAÇÃO SOLIDÁRIA(25-PRD/77-SOLIDARIEDADE),#NULO,#NE,FEMININO,SUPERIOR COMPLETO,PRETA,SP,SP,SÃO PAULO
250002534929,ANGELICA SOARES,ANGELICA SOARES,#NULO,2545,DEPUTADO FEDERAL,PRD,PARTIDO RENOVACAO DEMOCRATICA,FEDERAÇÃO,FEDERAÇÃO RENOVAÇÃO SOLIDÁRIA(25-PRD/77-SOLIDARIEDADE),#NULO,#NE,FEMININO,SUPERIOR COMPLETO,BRANCA,SP,SP,SÃO PAULO
250002534918,JOSE CARLOS BERNARDI,BERNARDI,#NULO,2510,DEPUTADO FEDERAL,PRD,PARTIDO RENOVACAO DEMOCRATICA,FEDERAÇÃO,FEDERAÇÃO RENOVAÇÃO SOLIDÁRIA(25-PRD/77-SOLIDARIEDADE),#NULO,#NE,MASCULINO,SUPERIOR COMPLETO,BRANCA,SP,SP,SÃO PAULO
250002534946,BARBARA MARIANO TRINDADE LEKEVICIUS,CABO BARBARA,#NULO,2566,DEPUTADO FEDERAL,PRD,PARTIDO RENOVACAO DEMOCRATICA,FEDERAÇÃO,FEDERAÇÃO RENOVAÇÃO SOLIDÁRIA(25-PRD/77-SOLIDARIEDADE),#NULO,#NE,FEMININO,SUPERIOR INCOMPLETO,BRANCA,SP,SP,SÃO PAULO
250002534951,RENATO DE SOUZA OLIVEIRA,CABO RENATO ABDALA,#NULO,2507,DEPUTADO FEDERAL,PRD,PARTIDO RENOVACAO DEMOCRATICA,FEDERAÇÃO,FEDERAÇÃO RENOVAÇÃO SOLIDÁRIA(25-PRD/77-SOLIDARIEDADE),#NULO,#NE,MASCULINO,SUPERIOR COMPLETO,BRANCA,SP,SP,SÃO PAULO
250002534403,CARLOS EDUARDO DE OLIVEIRA,CADU,#NULO,2505,DEPUTADO FEDERAL,PRD,PARTIDO RENOVACAO DEMOCRATICA,FEDERAÇÃO,FEDERAÇÃO RENOVAÇÃO SOLIDÁRIA(25-PRD/77-SOLIDARIEDADE),#NULO,#NE,MASCULINO,SUPERIOR INCOMPLETO,PARDA,SP,SP,SÃO PAULO
250002534944,MARCIO TADEU ANHAIA DE LEMOS,CORONEL TADEU,#NULO,2522,DEPUTADO FEDERAL,PRD,PARTIDO RENOVACAO DEMOCRATICA,FEDERAÇÃO,FEDERAÇÃO RENOVAÇÃO SOLIDÁRIA(25-PRD/77-SOLIDARIEDADE),#NULO,#NE,MASCULINO,SUPERIOR COMPLETO,BRANCA,SP,SP,SÃO PAULO
250002534406,CLAUDIO ERNANI MARCONDES DE MIRANDA,DR CLAUDIO MIRANDA,#NULO,2580,DEPUTADO FEDERAL,PRD,PARTIDO RENOVACAO DEMOCRATICA,FEDERAÇÃO,FEDERAÇÃO RENOVAÇÃO SOLIDÁRIA(25-PRD/77-SOLIDARIEDADE),#NULO,#NE,MASCULINO,SUPERIOR COMPLETO,BRANCA,SP,SP,SÃO PAULO
250002534919,FLAVIO ROBERTO SALATINO,DR FLAVIO SALATINO,#NULO,2544,DEPUTADO FEDERAL,PRD,PARTIDO RENOVACAO DEMOCRATICA,FEDERAÇÃO,FEDERAÇÃO RENOVAÇÃO SOLIDÁRIA(25-PRD/77-SOLIDARIEDADE),#NULO,#NE,MASCULINO,SUPERIOR COMPLETO,BRANCA,SP,SP,SÃO PAULO
250002534923,NOEL AXCAR,DR. NOEL AXCAR,#NULO,2559,DEPUTADO FEDERAL,PRD,PARTIDO RENOVACAO DEMOCRATICA,FEDERAÇÃO,FEDERAÇÃO RENOVAÇÃO SOLIDÁRIA(25-PRD/77-SOLIDARIEDADE),#NULO,#NE,MASCULINO,SUPERIOR COMPLETO,BRANCA,SP,SP,SÃO PAULO
250002534930,EDSON EDINHO COELHO ARAUJO,EDINHO ARAUJO,#NULO,2525,DEPUTADO FEDERAL,PRD,PARTIDO RENOVACAO DEMOCRATICA,FEDERAÇÃO,FEDERAÇÃO RENOVAÇÃO SOLIDÁRIA(25-PRD/77-SOLIDARIEDADE),#NULO,#NE,MASCULINO,SUPERIOR COMPLETO,BRANCA,SP,SP,SÃO PAULO
250002534948,JOSE GUILHERME NEGRAO PEIXOTO,GUIGA PEIXOTO,#NULO,2500,DEPUTADO FEDERAL,PRD,PARTIDO RENOVACAO DEMOCRATICA,FEDERAÇÃO,FEDERAÇÃO RENOVAÇÃO SOLIDÁRIA(25-PRD/77-SOLIDARIEDADE),#NULO,#NE,MASCULINO,SUPERIOR COMPLETO,BRANCA,SP,SP,SÃO PAULO
250002534399,HERMES RODRIGUES NERY,HERMES NERY,#NULO,2538,DEPUTADO FEDERAL,PRD,PARTIDO RENOVACAO DEMOCRATICA,FEDERAÇÃO,FEDERAÇÃO RENOVAÇÃO SOLIDÁRIA(25-PRD/77-SOLIDARIEDADE),#NULO,#NE,MASCULINO,SUPERIOR COMPLETO,BRANCA,SP,SP,SÃO PAULO
250002534937,SERGIO DA SILVA TOBACE,JAPONÊS DAS CAÇAMBAS,#NULO,2526,DEPUTADO FEDERAL,PRD,PARTIDO RENOVACAO DEMOCRATICA,FEDERAÇÃO,FEDERAÇÃO RENOVAÇÃO SOLIDÁRIA(25-PRD/77-SOLIDARIEDADE),#NULO,#NE,MASCULINO,ENSINO MÉDIO COMPLETO,AMARELA,SP,SP,SÃO PAULO
250002534922,LILIAN BATISTA VENTURA SOARES,LILIAN BATISTA VENTURA,#NULO,2523,DEPUTADO FEDERAL,PRD,PARTIDO RENOVACAO DEMOCRATICA,FEDERAÇÃO,FEDERAÇÃO RENOVAÇÃO SOLIDÁRIA(25-PRD/77-SOLIDARIEDADE),#NULO,#NE,FEMININO,ENSINO MÉDIO COMPLETO,BRANCA,SP,SP,SÃO PAULO
250002534934,AMARILUZ GARCIA FERREIRA SILVA,LUCINHA GARCIA,#NULO,2517,DEPUTADO FEDERAL,PRD,PARTIDO RENOVACAO DEMOCRATICA,FEDERAÇÃO,FEDERAÇÃO RENOVAÇÃO SOLIDÁRIA(25-PRD/77-SOLIDARIEDADE),#NULO,#NE,FEMININO,SUPERIOR COMPLETO,BRANCA,SP,SP,SÃO PAULO
250002534942,LUIZA HELENA XAVIER OWHOKA,LUIZA OWHOKA,#NULO,2550,DEPUTADO FEDERAL,PRD,PARTIDO RENOVACAO DEMOCRATICA,FEDERAÇÃO,FEDERAÇÃO RENOVAÇÃO SOLIDÁRIA(25-PRD/77-SOLIDARIEDADE),#NULO,#NE,FEMININO,ENSINO MÉDIO COMPLETO,PRETA,SP,SP,SÃO PAULO
250002534925,MARCELO AUGUSTO FIDELIS,MARCELO SWISSHOUSE,#NULO,2552,DEPUTADO FEDERAL,PRD,PARTIDO RENOVACAO DEMOCRATICA,FEDERAÇÃO,FEDERAÇÃO RENOVAÇÃO SOLIDÁRIA(25-PRD/77-SOLIDARIEDADE),#NULO,#NE,MASCULINO,SUPERIOR COMPLETO,BRANCA,SP,SP,SÃO PAULO
250002534915,EMERSON JOAQUIM DE LIMA,NEGUINHO DO GÁS,#NULO,2599,DEPUTADO FEDERAL,PRD,PARTIDO RENOVACAO DEMOCRATICA,FEDERAÇÃO,FEDERAÇÃO RENOVAÇÃO SOLIDÁRIA(25-PRD/77-SOLIDARIEDADE),#NULO,#NE,MASCULINO,ENSINO MÉDIO COMPLETO,PRETA,SP,SP,SÃO PAULO
250002534405,NELSON DOS SANTOS GIMENEZ,NELSINHO GIMENEZ,#NULO,2501,DEPUTADO FEDERAL,PRD,PARTIDO RENOVACAO DEMOCRATICA,FEDERAÇÃO,FEDERAÇÃO RENOVAÇÃO SOLIDÁRIA(25-PRD/77-SOLIDARIEDADE),#NULO,#NE,MASCULINO,SUPERIOR COMPLETO,BRANCA,SP,SP,SÃO PAULO
250002534395,ZELINDA DRAGO ROCHA,PASTORA ZELINDA,#NULO,2530,DEPUTADO FEDERAL,PRD,PARTIDO RENOVACAO DEMOCRATICA,FEDERAÇÃO,FEDERAÇÃO RENOVAÇÃO SOLIDÁRIA(25-PRD/77-SOLIDARIEDADE),#NULO,#NE,FEMININO,SUPERIOR COMPLETO,BRANCA,SP,SP,SÃO PAULO
250002534933,FERNANDA FERREIRA DOS SANTOS,PROFESSORA FERNANDA,#NULO,2512,DEPUTADO FEDERAL,PRD,PARTIDO RENOVACAO DEMOCRATICA,FEDERAÇÃO,FEDERAÇÃO RENOVAÇÃO SOLIDÁRIA(25-PRD/77-SOLIDARIEDADE),#NULO,#NE,FEMININO,SUPERIOR COMPLETO,BRANCA,SP,SP,SÃO PAULO
250002534394,RAFAEL DE ALCANTARA RODRIGUES PELOSI,RAFAEL PELOSI,#NULO,2577,DEPUTADO FEDERAL,PRD,PARTIDO RENOVACAO DEMOCRATICA,FEDERAÇÃO,FEDERAÇÃO RENOVAÇÃO SOLIDÁRIA(25-PRD/77-SOLIDARIEDADE),#NULO,#NE,MASCULINO,SUPERIOR COMPLETO,BRANCA,SP,SP,SÃO PAULO
250002534932,RAPHAEL VITIELLO SILVA,RAPHAEL VITIELLO,#NULO,2511,DEPUTADO FEDERAL,PRD,PARTIDO RENOVACAO DEMOCRATICA,FEDERAÇÃO,FEDERAÇÃO RENOVAÇÃO SOLIDÁRIA(25-PRD/77-SOLIDARIEDADE),#NULO,#NE,MASCULINO,SUPERIOR COMPLETO,BRANCA,SP,SP,SÃO PAULO
250002534914,RAY JOSE TEIXEIRA,RAY TEIXEIRA,#NULO,2515,DEPUTADO FEDERAL,PRD,PARTIDO RENOVACAO DEMOCRATICA,FEDERAÇÃO,FEDERAÇÃO RENOVAÇÃO SOLIDÁRIA(25-PRD/77-SOLIDARIEDADE),#NULO,#NE,MASCULINO,SUPERIOR COMPLETO,BRANCA,SP,SP,SÃO PAULO
250002534400,ROBERTO DA PENHA RAMOS,ROBERTINHO DA PADARIA,#NULO,2533,DEPUTADO FEDERAL,PRD,PARTIDO RENOVACAO DEMOCRATICA,FEDERAÇÃO,FEDERAÇÃO RENOVAÇÃO SOLIDÁRIA(25-PRD/77-SOLIDARIEDADE),#NULO,#NE,MASCULINO,SUPERIOR COMPLETO,BRANCA,SP,SP,SÃO PAULO
250002534920,ROSA MARIA SCANAVINI,ROSA SCANAVINI,#NULO,2508,DEPUTADO FEDERAL,PRD,PARTIDO RENOVACAO DEMOCRATICA,FEDERAÇÃO,FEDERAÇÃO RENOVAÇÃO SOLIDÁRIA(25-PRD/77-SOLIDARIEDADE),#NULO,#NE,FEMININO,SUPERIOR COMPLETO,BRANCA,SP,SP,SÃO PAULO
250002534939,ROSÂNGELA BUTIERI SEBASTIÃO,ROSANGELA BUTIERI,#NULO,2589,DEPUTADO FEDERAL,PRD,PARTIDO RENOVACAO DEMOCRATICA,FEDERAÇÃO,FEDERAÇÃO RENOVAÇÃO SOLIDÁRIA(25-PRD/77-SOLIDARIEDADE),#NULO,#NE,FEMININO,SUPERIOR COMPLETO,PRETA,SP,SP,SÃO PAULO
250002534938,SÉRGIO DI PACE DI NIZO,SERGIO DI NIZO,#NULO,2520,DEPUTADO FEDERAL,PRD,PARTIDO RENOVACAO DEMOCRATICA,FEDERAÇÃO,FEDERAÇÃO RENOVAÇÃO SOLIDÁRIA(25-PRD/77-SOLIDARIEDADE),#NULO,#NE,MASCULINO,SUPERIOR COMPLETO,BRANCA,SP,SP,SÃO PAULO
250002534931,WAGNER CIPRIANO ARAÚJO,WAGNER CIPRIANO E A EDUCAÇÃO,#NULO,2513,DEPUTADO FEDERAL,PRD,PARTIDO RENOVACAO DEMOCRATICA,FEDERAÇÃO,FEDERAÇÃO RENOVAÇÃO SOLIDÁRIA(25-PRD/77-SOLIDARIEDADE),#NULO,#NE,MASCULINO,SUPERIOR COMPLETO,PARDA,SP,SP,SÃO PAULO
250002534941,WILSON ALVES DA SILVA JUNIOR,WILSON JUNIOR,#NULO,2567,DEPUTADO FEDERAL,PRD,PARTIDO RENOVACAO DEMOCRATICA,FEDERAÇÃO,FEDERAÇÃO RENOVAÇÃO SOLIDÁRIA(25-PRD/77-SOLIDARIEDADE),#NULO,#NE,MASCULINO,SUPERIOR COMPLETO,PRETA,SP,SP,SÃO PAULO
250002534412,ERICA CRISTINA ROCHA GORGA,ÉRICA GORGA,#NULO,2555,DEPUTADO FEDERAL,PRD,PARTIDO RENOVACAO DEMOCRATICA,FEDERAÇÃO,FEDERAÇÃO RENOVAÇÃO SOLIDÁRIA(25-PRD/77-SOLIDARIEDADE),#NULO,#NE,FEMININO,SUPERIOR COMPLETO,BRANCA,SP,SP,SÃO PAULO
250002534924,ALEXANDRE PEREIRA DA SILVA,ALEXANDRE PEREIRA,#NULO,7777,DEPUTADO FEDERAL,SOLIDARIEDADE,SOLIDARIEDADE,FEDERAÇÃO,FEDERAÇÃO RENOVAÇÃO SOLIDÁRIA(25-PRD/77-SOLIDARIEDADE),#NULO,#NE,MASCULINO,SUPERIOR COMPLETO,BRANCA,SP,SP,SÃO PAULO
250002534404,ALINE CRISTINA DE SOUZA UBIDA,ALINE ASSISTENTE SOCIAL,#NULO,7789,DEPUTADO FEDERAL,SOLIDARIEDADE,SOLIDARIEDADE,FEDERAÇÃO,FEDERAÇÃO RENOVAÇÃO SOLIDÁRIA(25-PRD/77-SOLIDARIEDADE),#NULO,#NE,FEMININO,SUPERIOR COMPLETO,BRANCA,SP,SP,SÃO PAULO
250002534402,ALINE APARECIDA TRISTÃO DA SILVA,ALINE TRISTÃO,#NULO,7715,DEPUTADO FEDERAL,SOLIDARIEDADE,SOLIDARIEDADE,FEDERAÇÃO,FEDERAÇÃO RENOVAÇÃO SOLIDÁRIA(25-PRD/77-SOLIDARIEDADE),#NULO,#NE,FEMININO,SUPERIOR COMPLETO,BRANCA,SP,SP,SÃO PAULO
250002534409,CARLA MULLER MENDES,CARLA MÜLLER,#NULO,7775,DEPUTADO FEDERAL,SOLIDARIEDADE,SOLIDARIEDADE,FEDERAÇÃO,FEDERAÇÃO RENOVAÇÃO SOLIDÁRIA(25-PRD/77-SOLIDARIEDADE),#NULO,#NE,FEMININO,SUPERIOR COMPLETO,BRANCA,SP,SP,SÃO PAULO
250002534936,JOSE CARLOS ESPIRITO SANTO MURILO,CARLOS MURILO,#NULO,7767,DEPUTADO FEDERAL,SOLIDARIEDADE,SOLIDARIEDADE,FEDERAÇÃO,FEDERAÇÃO RENOVAÇÃO SOLIDÁRIA(25-PRD/77-SOLIDARIEDADE),#NULO,#NE,MASCULINO,SUPERIOR COMPLETO,BRANCA,SP,SP,SÃO PAULO
250002534396,DANIEL BELCHIOR SANTANA,DANIEL BELCHIOR SANTANA,#NULO,7763,DEPUTADO FEDERAL,SOLIDARIEDADE,SOLIDARIEDADE,FEDERAÇÃO,FEDERAÇÃO RENOVAÇÃO SOLIDÁRIA(25-PRD/77-SOLIDARIEDADE),#NULO,#NE,MASCULINO,SUPERIOR INCOMPLETO,PARDA,SP,SP,SÃO PAULO
250002534950,EDGAR SOUZA DOS SANTOS,EDGAR DE SOUZA,#NULO,7790,DEPUTADO FEDERAL,SOLIDARIEDADE,SOLIDARIEDADE,FEDERAÇÃO,FEDERAÇÃO RENOVAÇÃO SOLIDÁRIA(25-PRD/77-SOLIDARIEDADE),#NULO,#NE,MASCULINO,SUPERIOR COMPLETO,BRANCA,SP,SP,SÃO PAULO
250002534408,ELIANA FERNANDES CONCEIÇÃO,ELIANA FERNANDES,#NULO,7755,DEPUTADO FEDERAL,SOLIDARIEDADE,SOLIDARIEDADE,FEDERAÇÃO,FEDERAÇÃO RENOVAÇÃO SOLIDÁRIA(25-PRD/77-SOLIDARIEDADE),#NULO,#NE,FEMININO,SUPERIOR COMPLETO,PRETA,SP,SP,SÃO PAULO
250002534917,ELOI ALFREDO PIETA,ELÓI PIETÁ,#NULO,7727,DEPUTADO FEDERAL,SOLIDARIEDADE,SOLIDARIEDADE,FEDERAÇÃO,FEDERAÇÃO RENOVAÇÃO SOLIDÁRIA(25-PRD/77-SOLIDARIEDADE),#NULO,#NE,MASCULINO,SUPERIOR COMPLETO,BRANCA,SP,SP,SÃO PAULO
250002534945,FERNANDO TEIXEIRA LOUREIRO,FALCON,#NULO,7720,DEPUTADO FEDERAL,SOLIDARIEDADE,SOLIDARIEDADE,FEDERAÇÃO,FEDERAÇÃO RENOVAÇÃO SOLIDÁRIA(25-PRD/77-SOLIDARIEDADE),#NULO,#NE,MASCULINO,SUPERIOR COMPLETO,BRANCA,SP,SP,SÃO PAULO
250002534397,GILSON PIMENTEL BARRETO,GILSON DA SEGURANÇA,#NULO,7730,DEPUTADO FEDERAL,SOLIDARIEDADE,SOLIDARIEDADE,FEDERAÇÃO,FEDERAÇÃO RENOVAÇÃO SOLIDÁRIA(25-PRD/77-SOLIDARIEDADE),#NULO,#NE,MASCULINO,SUPERIOR COMPLETO,PARDA,SP,SP,SÃO PAULO
250002534949,LORENY MAYARA CAETANO ROBERTO,LORENY,#NULO,7712,DEPUTADO FEDERAL,SOLIDARIEDADE,SOLIDARIEDADE,FEDERAÇÃO,FEDERAÇÃO RENOVAÇÃO SOLIDÁRIA(25-PRD/77-SOLIDARIEDADE),#NULO,#NE,FEMININO,SUPERIOR COMPLETO,BRANCA,SP,SP,SÃO PAULO
250002534935,LUCAS NUNES DE ALMEIDA,LUCAS O CHEFUXO,#NULO,7710,DEPUTADO FEDERAL,SOLIDARIEDADE,SOLIDARIEDADE,FEDERAÇÃO,FEDERAÇÃO RENOVAÇÃO SOLIDÁRIA(25-PRD/77-SOLIDARIEDADE),#NULO,#NE,MASCULINO,ENSINO MÉDIO COMPLETO,PRETA,SP,SP,SÃO PAULO
250002534398,MARCO BATISTA DE OLIVEIRA,MARQUINHOS,#NULO,7701,DEPUTADO FEDERAL,SOLIDARIEDADE,SOLIDARIEDADE,FEDERAÇÃO,FEDERAÇÃO RENOVAÇÃO SOLIDÁRIA(25-PRD/77-SOLIDARIEDADE),#NULO,#NE,MASCULINO,SUPERIOR COMPLETO,BRANCA,SP,SP,SÃO PAULO
250002534928,NATHALIA CECCONELLO PACCOLA,NATTHALIA PACCOLA,#NULO,7711,DEPUTADO FEDERAL,SOLIDARIEDADE,SOLIDARIEDADE,FEDERAÇÃO,FEDERAÇÃO RENOVAÇÃO SOLIDÁRIA(25-PRD/77-SOLIDARIEDADE),#NULO,#NE,FEMININO,SUPERIOR COMPLETO,BRANCA,SP,SP,SÃO PAULO
250002534401,OZIEL PIRES DE MORAES,OZIEL PIRES,#NULO,7707,DEPUTADO FEDERAL,SOLIDARIEDADE,SOLIDARIEDADE,FEDERAÇÃO,FEDERAÇÃO RENOVAÇÃO SOLIDÁRIA(25-PRD/77-SOLIDARIEDADE),#NULO,#NE,MASCULINO,SUPERIOR COMPLETO,BRANCA,SP,SP,SÃO PAULO
250002534940,FABIO DEL MONTE SOBRINHO,PASTOR FABIO BOMBEIRO,#NULO,7700,DEPUTADO FEDERAL,SOLIDARIEDADE,SOLIDARIEDADE,FEDERAÇÃO,FEDERAÇÃO RENOVAÇÃO SOLIDÁRIA(25-PRD/77-SOLIDARIEDADE),#NULO,#NE,MASCULINO,SUPERIOR COMPLETO,BRANCA,SP,SP,SÃO PAULO
250002534411,PAULO AURELIO BIANCHINI,PAULO BIANCHINI,#NULO,7717,DEPUTADO FEDERAL,SOLIDARIEDADE,SOLIDARIEDADE,FEDERAÇÃO,FEDERAÇÃO RENOVAÇÃO SOLIDÁRIA(25-PRD/77-SOLIDARIEDADE),#NULO,#NE,MASCULINO,SUPERIOR COMPLETO,BRANCA,SP,SP,SÃO PAULO
250002534413,PAULO ROBERTO DE CAMPOS,PAULO CAMPOS,#NULO,7722,DEPUTADO FEDERAL,SOLIDARIEDADE,SOLIDARIEDADE,FEDERAÇÃO,FEDERAÇÃO RENOVAÇÃO SOLIDÁRIA(25-PRD/77-SOLIDARIEDADE),#NULO,#NE,MASCULINO,SUPERIOR COMPLETO,PARDA,SP,SP,SÃO PAULO
250002534410,PAULO JOSE DA SILVA JUNIOR,PR. PAULO JUNIOR,#NULO,7799,DEPUTADO FEDERAL,SOLIDARIEDADE,SOLIDARIEDADE,FEDERAÇÃO,FEDERAÇÃO RENOVAÇÃO SOLIDÁRIA(25-PRD/77-SOLIDARIEDADE),#NULO,#NE,MASCULINO,SUPERIOR COMPLETO,BRANCA,SP,SP,SÃO PAULO
250002534921,REGINA NOEMIA GEROMEL COROCHEL,PROF. REGINA CORROCHEL,#NULO,7788,DEPUTADO FEDERAL,SOLIDARIEDADE,SOLIDARIEDADE,FEDERAÇÃO,FEDERAÇÃO RENOVAÇÃO SOLIDÁRIA(25-PRD/77-SOLIDARIEDADE),#NULO,#NE,FEMININO,SUPERIOR COMPLETO,BRANCA,SP,SP,SÃO PAULO
250002534927,FERNANDO SILVA MOREIRA DOS SANTOS,PROFESSOR FERNANDO MOREIRA,#NULO,7780,DEPUTADO FEDERAL,SOLIDARIEDADE,SOLIDARIEDADE,FEDERAÇÃO,FEDERAÇÃO RENOVAÇÃO SOLIDÁRIA(25-PRD/77-SOLIDARIEDADE),#NULO,#NE,MASCULINO,SUPERIOR COMPLETO,BRANCA,SP,SP,SÃO PAULO
250002534407,ULISSES GARCIA MACHADO,ULISSES DO RODEIO,#NULO,7770,DEPUTADO FEDERAL,SOLIDARIEDADE,SOLIDARIEDADE,FEDERAÇÃO,FEDERAÇÃO RENOVAÇÃO SOLIDÁRIA(25-PRD/77-SOLIDARIEDADE),#NULO,#NE,MASCULINO,SUPERIOR COMPLETO,BRANCA,SP,SP,SÃO PAULO
250002534943,VAGNER FERNANDES DA SILVA,VAGNER FERNANDES,#NULO,7736,DEPUTADO FEDERAL,SOLIDARIEDADE,SOLIDARIEDADE,FEDERAÇÃO,FEDERAÇÃO RENOVAÇÃO SOLIDÁRIA(25-PRD/77-SOLIDARIEDADE),#NULO,#NE,MASCULINO,SUPERIOR COMPLETO,BRANCA,SP,SP,SÃO PAULO
250002534947,VIVIANE DOS SANTOS OLIVEIRA,VIVI OLIVEIRA,#NULO,7744,DEPUTADO FEDERAL,SOLIDARIEDADE,SOLIDARIEDADE,FEDERAÇÃO,FEDERAÇÃO RENOVAÇÃO SOLIDÁRIA(25-PRD/77-SOLIDARIEDADE),#NULO,#NE,FEMININO,SUPERIOR COMPLETO,PARDA,SP,SP,SÃO PAULO
250002534926,YANNAHE MARQUES VIANNA,YANNAHE MARQUES VIANNA,#NULO,7778,DEPUTADO FEDERAL,SOLIDARIEDADE,SOLIDARIEDADE,FEDERAÇÃO,FEDERAÇÃO RENOVAÇÃO SOLIDÁRIA(25-PRD/77-SOLIDARIEDADE),#NULO,#NE,FEMININO,ENSINO MÉDIO COMPLETO,PARDA,SP,SP,SÃO PAULO
250002532381,ADRILLES REIS JORGE,ADRILLES JORGE,#NULO,4401,DEPUTADO FEDERAL,UNIÃO,UNIÃO BRASIL,FEDERAÇÃO,FEDERAÇÃO UNIÃO PROGRESSISTA(44-UNIÃO/11-PP),#NULO,#NE,MASCULINO,SUPERIOR COMPLETO,BRANCA,SP,SP,SÃO PAULO
250002532336,ALINE CARBALLO TEIXEIRA,ALINE TEIXEIRA,#NULO,4456,DEPUTADO FEDERAL,UNIÃO,UNIÃO BRASIL,FEDERAÇÃO,FEDERAÇÃO UNIÃO PROGRESSISTA(44-UNIÃO/11-PP),#NULO,#NE,FEMININO,SUPERIOR COMPLETO,BRANCA,SP,SP,SÃO PAULO
250002532334,ALLAN MIRANDA,ALLAN MIRANDA,#NULO,4423,DEPUTADO FEDERAL,UNIÃO,UNIÃO BRASIL,FEDERAÇÃO,FEDERAÇÃO UNIÃO PROGRESSISTA(44-UNIÃO/11-PP),#NULO,#NE,MASCULINO,SUPERIOR COMPLETO,BRANCA,SP,SP,SÃO PAULO
250002532325,ANA PAULA TAVARES DE OLIVEIRA GOFFI,ANA PAULA GOFFI,#NULO,4440,DEPUTADO FEDERAL,UNIÃO,UNIÃO BRASIL,FEDERAÇÃO,FEDERAÇÃO UNIÃO PROGRESSISTA(44-UNIÃO/11-PP),#NULO,#NE,FEMININO,SUPERIOR COMPLETO,BRANCA,SP,SP,SÃO PAULO
250002532331,ANDERSON MARCOS VIANA,ANDERSON NEGUIN,#NULO,4447,DEPUTADO FEDERAL,UNIÃO,UNIÃO BRASIL,FEDERAÇÃO,FEDERAÇÃO UNIÃO PROGRESSISTA(44-UNIÃO/11-PP),#NULO,#NE,MASCULINO,ENSINO MÉDIO COMPLETO,PRETA,SP,SP,SÃO PAULO
250002532363,JOSUÉ RAMALHO DA SILVA,BAIANINHO DE MAUÁ,#NULO,4488,DEPUTADO FEDERAL,UNIÃO,UNIÃO BRASIL,FEDERAÇÃO,FEDERAÇÃO UNIÃO PROGRESSISTA(44-UNIÃO/11-PP),#NULO,#NE,MASCULINO,ENSINO FUNDAMENTAL INCOMPLETO,PARDA,SP,SP,SÃO PAULO
250002532380,CAMILA SOUZA CARDOSO,CAMILA CARDOSO,#NULO,4424,DEPUTADO FEDERAL,UNIÃO,UNIÃO BRASIL,FEDERAÇÃO,FEDERAÇÃO UNIÃO PROGRESSISTA(44-UNIÃO/11-PP),#NULO,#NE,FEMININO,ENSINO MÉDIO COMPLETO,PARDA,SP,SP,SÃO PAULO
250002532340,CAROLINA SPALLUTTO ANTUNES,CAROL SPALLUTTO,#NULO,4484,DEPUTADO FEDERAL,UNIÃO,UNIÃO BRASIL,FEDERAÇÃO,FEDERAÇÃO UNIÃO PROGRESSISTA(44-UNIÃO/11-PP),#NULO,#NE,FEMININO,SUPERIOR COMPLETO,PARDA,SP,SP,SÃO PAULO
250002532368,CARLOS ALBERTO DA CUNHA,DELEGADO DA CUNHA,#NULO,4422,DEPUTADO FEDERAL,UNIÃO,UNIÃO BRASIL,FEDERAÇÃO,FEDERAÇÃO UNIÃO PROGRESSISTA(44-UNIÃO/11-PP),#NULO,#NE,MASCULINO,SUPERIOR COMPLETO,PRETA,SP,SP,SÃO PAULO
250002532330,ANDERSON DE JESUS LAUREANO,DERCINHO - O NEGÃO DO CAMINHÃO,#NULO,4474,DEPUTADO FEDERAL,UNIÃO,UNIÃO BRASIL,FEDERAÇÃO,FEDERAÇÃO UNIÃO PROGRESSISTA(44-UNIÃO/11-PP),#NULO,#NE,MASCULINO,SUPERIOR COMPLETO,PRETA,SP,SP,SÃO PAULO
250002532326,ELTON ALVES RIBEIRO DE CARVALHO JUNIOR,DR ELTON,#NULO,4412,DEPUTADO FEDERAL,UNIÃO,UNIÃO BRASIL,FEDERAÇÃO,FEDERAÇÃO UNIÃO PROGRESSISTA(44-UNIÃO/11-PP),#NULO,#NE,MASCULINO,SUPERIOR COMPLETO,BRANCA,SP,SP,SÃO PAULO
250002532324,SERGIO JOSE DIAS PACHECO JUNIOR,DR. PACHECO,#NULO,4415,DEPUTADO FEDERAL,UNIÃO,UNIÃO BRASIL,FEDERAÇÃO,FEDERAÇÃO UNIÃO PROGRESSISTA(44-UNIÃO/11-PP),#NULO,#NE,MASCULINO,SUPERIOR COMPLETO,BRANCA,SP,SP,SÃO PAULO
250002532332,ADRIANO ELI CORREA,ELI CORRÊA FILHO,#NULO,4477,DEPUTADO FEDERAL,UNIÃO,UNIÃO BRASIL,FEDERAÇÃO,FEDERAÇÃO UNIÃO PROGRESSISTA(44-UNIÃO/11-PP),#NULO,#NE,MASCULINO,SUPERIOR COMPLETO,BRANCA,SP,SP,SÃO PAULO
250002532323,ELLEN CAMILA DE SOUZA MARTINELLI,ELLEN MARTINELLI,#NULO,4433,DEPUTADO FEDERAL,UNIÃO,UNIÃO BRASIL,FEDERAÇÃO,FEDERAÇÃO UNIÃO PROGRESSISTA(44-UNIÃO/11-PP),#NULO,#NE,FEMININO,SUPERIOR COMPLETO,BRANCA,SP,SP,SÃO PAULO
250002532338,FAUSTO RUY PINATO,FAUSTO PINATO,#NULO,4411,DEPUTADO FEDERAL,UNIÃO,UNIÃO BRASIL,FEDERAÇÃO,FEDERAÇÃO UNIÃO PROGRESSISTA(44-UNIÃO/11-PP),#NULO,#NE,MASCULINO,SUPERIOR COMPLETO,BRANCA,SP,SP,SÃO PAULO
250002532360,JOSIANE CRISTINA DE OLIVEIRA PORTES,JOSIANE OLIVEIRA,#NULO,4442,DEPUTADO FEDERAL,UNIÃO,UNIÃO BRASIL,FEDERAÇÃO,FEDERAÇÃO UNIÃO PROGRESSISTA(44-UNIÃO/11-PP),#NULO,#NE,FEMININO,ENSINO MÉDIO COMPLETO,BRANCA,SP,SP,SÃO PAULO
250002532356,JOYCE PAULINO LEANDRO,JOYCE PAULINO,#NULO,4414,DEPUTADO FEDERAL,UNIÃO,UNIÃO BRASIL,FEDERAÇÃO,FEDERAÇÃO UNIÃO PROGRESSISTA(44-UNIÃO/11-PP),#NULO,#NE,FEMININO,ENSINO MÉDIO COMPLETO,PARDA,SP,SP,SÃO PAULO
250002532376,JOÃO PEDRO REALE COLUCCI,JOÃO COLUCCI,#NULO,4466,DEPUTADO FEDERAL,UNIÃO,UNIÃO BRASIL,FEDERAÇÃO,FEDERAÇÃO UNIÃO PROGRESSISTA(44-UNIÃO/11-PP),#NULO,#NE,MASCULINO,SUPERIOR COMPLETO,BRANCA,SP,SP,SÃO PAULO
250002532383,JOAO BATISTA ROCHA,JOÃO ROCHA,#NULO,4441,DEPUTADO FEDERAL,UNIÃO,UNIÃO BRASIL,FEDERAÇÃO,FEDERAÇÃO UNIÃO PROGRESSISTA(44-UNIÃO/11-PP),#NULO,#NE,MASCULINO,SUPERIOR COMPLETO,PARDA,SP,SP,SÃO PAULO
250002532378,MILTON LEITE DA SILVA FILHO,MILTON LEITE FILHO,#NULO,4425,DEPUTADO FEDERAL,UNIÃO,UNIÃO BRASIL,FEDERAÇÃO,FEDERAÇÃO UNIÃO PROGRESSISTA(44-UNIÃO/11-PP),#NULO,#NE,MASCULINO,SUPERIOR COMPLETO,PARDA,SP,SP,SÃO PAULO
250002532358,MARINA DE SIQUEIRA PASSADORE,NINA PASSADORE,#NULO,4407,DEPUTADO FEDERAL,UNIÃO,UNIÃO BRASIL,FEDERAÇÃO,FEDERAÇÃO UNIÃO PROGRESSISTA(44-UNIÃO/11-PP),#NULO,#NE,FEMININO,SUPERIOR COMPLETO,BRANCA,SP,SP,SÃO PAULO
250002532322,SANDRA APARECIDA DE SOUZA ALVES,PASTORA SANDRA ALVES,#NULO,4400,DEPUTADO FEDERAL,UNIÃO,UNIÃO BRASIL,FEDERAÇÃO,FEDERAÇÃO UNIÃO PROGRESSISTA(44-UNIÃO/11-PP),#NULO,#NE,FEMININO,ENSINO MÉDIO COMPLETO,PRETA,SP,SP,SÃO PAULO
250002532361,RENAN DIAS DA MATA,RENAN DA MATA,#NULO,4499,DEPUTADO FEDERAL,UNIÃO,UNIÃO BRASIL,FEDERAÇÃO,FEDERAÇÃO UNIÃO PROGRESSISTA(44-UNIÃO/11-PP),#NULO,#NE,MASCULINO,SUPERIOR COMPLETO,PRETA,SP,SP,SÃO PAULO
250002532351,RICHARDSON RAMOS DE SOUSA,RICHARDSON DA PADARIA,#NULO,4402,DEPUTADO FEDERAL,UNIÃO,UNIÃO BRASIL,FEDERAÇÃO,FEDERAÇÃO UNIÃO PROGRESSISTA(44-UNIÃO/11-PP),#NULO,#NE,MASCULINO,SUPERIOR COMPLETO,PARDA,SP,SP,SÃO PAULO
250002532370,RUBENS ALBERTO GATTI NUNES,RUBINHO NUNES,#NULO,4455,DEPUTADO FEDERAL,UNIÃO,UNIÃO BRASIL,FEDERAÇÃO,FEDERAÇÃO UNIÃO PROGRESSISTA(44-UNIÃO/11-PP),#NULO,#NE,MASCULINO,SUPERIOR COMPLETO,BRANCA,SP,SP,SÃO PAULO
250002532328,RODRIGO HENRIQUES SIQUEIRA,RÔ SIQUEIRA,#NULO,4480,DEPUTADO FEDERAL,UNIÃO,UNIÃO BRASIL,FEDERAÇÃO,FEDERAÇÃO UNIÃO PROGRESSISTA(44-UNIÃO/11-PP),#NULO,#NE,MASCULINO,ENSINO MÉDIO COMPLETO,BRANCA,SP,SP,SÃO PAULO
250002532327,SHEILA CRISTINA THOMAZ FERREIRA,SHEILA THOMAZ,#NULO,4445,DEPUTADO FEDERAL,UNIÃO,UNIÃO BRASIL,FEDERAÇÃO,FEDERAÇÃO UNIÃO PROGRESSISTA(44-UNIÃO/11-PP),#NULO,#NE,FEMININO,SUPERIOR COMPLETO,BRANCA,SP,SP,SÃO PAULO
250002532333,SILVIO NAVARRO PEREJON JUNIOR,SILVIO NAVARRO JORNALISTA,#NULO,4404,DEPUTADO FEDERAL,UNIÃO,UNIÃO BRASIL,FEDERAÇÃO,FEDERAÇÃO UNIÃO PROGRESSISTA(44-UNIÃO/11-PP),#NULO,#NE,MASCULINO,SUPERIOR COMPLETO,BRANCA,SP,SP,SÃO PAULO
250002532355,SIRLANGE RODRIGUES FRATE MAGANHATO,SIRLANGE MANGA,#NULO,4410,DEPUTADO FEDERAL,UNIÃO,UNIÃO BRASIL,FEDERAÇÃO,FEDERAÇÃO UNIÃO PROGRESSISTA(44-UNIÃO/11-PP),#NULO,#NE,FEMININO,SUPERIOR COMPLETO,BRANCA,SP,SP,SÃO PAULO
250002532329,THAIS MARGARIDO ALENCAR,THAÍS MARGARIDO,#NULO,4448,DEPUTADO FEDERAL,UNIÃO,UNIÃO BRASIL,FEDERAÇÃO,FEDERAÇÃO UNIÃO PROGRESSISTA(44-UNIÃO/11-PP),#NULO,#NE,FEMININO,SUPERIOR COMPLETO,BRANCA,SP,SP,SÃO PAULO
250002532794,RICARDO DE AQUINO SALLES,SALLES,#NULO,300,SENADOR,NOVO,PARTIDO NOVO,PARTIDO ISOLADO,NOVO,#NULO,#NE,MASCULINO,SUPERIOR COMPLETO,BRANCA,SP,SP,SÃO PAULO
